Question,Options,Correct Answer,Model Answer,Is Correct,Reasoning
常见的应激行为反应包括（　　）。,"{'A': '攻击', 'B': '否认', 'C': '恐惧', 'D': '以上都是'}",A,A,True,"我们被问到：""常见的应激行为反应包括（　　）。"" 选项有 A. 攻击 B. 否认 C. 恐惧 D. 以上都是。需要选择最合适的答案。应激行为反应通常包括战斗或逃跑反应，攻击、恐惧等。否认是一种心理防御机制，属于应激的心理反应，不是行为反应？应激反应分为心理反应、行为反应等。常见的应激行为反应包括攻击、逃避、退缩等。恐惧是情绪反应，不是行为。但题目说“行为反应”，攻击是行为，否认是心理防御，恐惧是情绪。所以可能只有攻击是常见行为反应？但选项D是以上都是。需要根据医学心理学知识：应激的行为反应包括：攻击、逃避、退缩、依赖等。应激的情绪反应包括焦虑、恐惧、抑郁等。应激的心理防御机制包括否认、投射等。所以否认和恐惧不属于行为反应。但有些教材可能把否认和恐惧也归为行为？再仔细想：应激的行为反应通常指个体为了应对应激源而采取的行动，如攻击、逃避、冷漠等。恐惧是一种情绪，不是行为。否认是一种心理防御机制，也不是行为。但有时题目可能不严格区分。常见试题：应激的行为反应包括攻击、逃避、退缩等。应激的心理反应包括情绪反应（焦虑、恐惧等）和防御反应（否认等）。因此攻击是行为反应。那么“以上都是”不正确，因为否认和恐惧不是行为反应。但有没有可能题目把“恐惧”当作行为？恐惧可以表现为行为，但本身是情绪。需要确认医学心理学中“应激行为反应”的分类：应激反应包括躯体反应、心理反应和行为反应。心理反应又分为情绪反应、认知反应和行为反应？不，心理反应包括情绪、认知、行为。但通常分开说：应激的心理反应包括情绪反应（焦虑、恐惧、抑郁、愤怒）、认知反应（注意力不集中、思维中断等）、行为反应（攻击、逃避、退化、依赖、自杀等）。防御机制如否认是另一种分类。所以如果题目是“常见的应激行为反应”，攻击是，否认和恐惧不是。因此最合适的答案可能是A。但常见选择题中，经常有“以下属于应激行为反应的是”选项包括攻击、逃避等。恐惧常被列为情绪反应。否认是心理防御机制。我会选A。但需要确认是否在某些教材里应激行为反应包括恐惧的回避行为？恐惧时会产生逃避行为，但恐惧本身是情绪。选项说的是“恐惧”，不是“逃避”。所以谨慎选择。如果这是典型医学心理学题目，常见应激行为反应包括攻击、逃避、退缩等，所以只有攻击符合。答案选A。但我不确定题目来源。有些题目问“应激反应包括”，然后有攻击、否认、恐惧等，选以上都是。但这里明确“行为反应”。我们再分析：“常见的应激行为反应包括” —— 根据医学心理学，应激的行为反应主要有：逃避、回避、退化、依赖、敌对、攻击、无助、自怜等。否认属于心理防御机制，恐惧属于情绪反应。所以攻击是行为反应。因此答案应为A。但为了保险，再查记忆：国家心理咨询师考试或医学心理学常考：应激的行为反应包括攻击、逃避等；情绪反应包括焦虑、恐惧等；防御机制包括否认等。所以此题选A。"
与内毒素有关的细菌结构是（　　）。,"{'A': '肽聚糖', 'B': '荚膜', 'C': '外膜', 'D': '核膜'}",C,C,True,"我们被问到：“与内毒素有关的细菌结构是（ ）。” 选项：A. 肽聚糖，B. 荚膜，C. 外膜，D. 核膜。

需要选择最合适的答案。内毒素是革兰氏阴性菌细胞壁外膜中的脂多糖（LPS）。所以它与外膜有关。肽聚糖是细胞壁的骨架，但与内毒素无关。荚膜是保护层，核膜是真核细胞结构，细菌没有核膜。因此答案为C。"
男，28岁。枕部着地，昏迷5分钟后清醒，并自己回到家中，其后出现头痛并逐渐加重伴呕吐，1小时候不省人事，急送医院。查体：BP 160／90mmHg，脉率65次/分，呼吸15次/分。浅昏迷，右枕部头皮挫伤，左侧瞳孔4mm，对光反应消失；右侧瞳孔2.5mm，对光反应存在。1．最可能的诊断是（　　）。,"{'A': '颅脑肿瘤', 'B': '颅内血肿', 'C': '蛛网膜下腔出血', 'D': '脑挫伤'}",B,B,True,"我们被问到：""医学问题：男，28岁。枕部着地，昏迷5分钟后清醒，并自己回到家中，其后出现头痛并逐渐加重伴呕吐，1小时候不省人事，急送医院。查体：BP 160／90mmHg，脉率65次/分，呼吸15次/分。浅昏迷，右枕部头皮挫伤，左侧瞳孔4mm，对光反应消失；右侧瞳孔2.5mm，对光反应存在。1．最可能的诊断是（　　）。选项：A. 颅脑肿瘤 B. 颅内血肿 C. 蛛网膜下腔出血 D. 脑挫伤""

需要选择最佳答案。分析病例：年轻男性，枕部着地外伤史。典型“昏迷-清醒-再昏迷”过程，即中间清醒期，提示硬膜外血肿。头痛加重伴呕吐，意识障碍加重，瞳孔不等大（左侧散大、光反应消失），右侧瞳孔正常，说明左侧动眼神经受压，可能左侧小脑幕切迹疝。血压高、脉率缓（库欣反应），提示颅内压增高。枕部着地，对冲伤可能导致额部或颞部血肿，但瞳孔变化表明左侧受压，可能是左侧硬膜外血肿或硬膜下血肿。但中间清醒期是硬膜外血肿的典型表现。所以最可能的诊断是颅内血肿（具体硬膜外血肿）。选项B“颅内血肿”包括硬膜外/下血肿。其他选项：颅脑肿瘤无外伤史；蛛网膜下腔出血通常突然剧烈头痛，没有中间清醒期；脑挫伤一般持续昏迷，无中间清醒期，可有头痛呕吐但较少典型中间清醒期。所以B是正确答案。"
细菌性痢疾病变多位于（　　）。,"{'A': '直肠和乙状结肠', 'B': '空肠', 'C': '十二指肠', 'D': '回肠'}",A,A,True,"我们被问到：“细菌性痢疾病变多位于（　　）。” 选项：A. 直肠和乙状结肠，B. 空肠，C. 十二指肠，D. 回肠。

细菌性痢疾是由志贺菌属引起的肠道传染病。病变主要发生在结肠，尤其是直肠和乙状结肠。典型的细菌性痢疾是结肠的假膜性炎。因此，正确答案是A. 直肠和乙状结肠。"
男性，40岁，因发热、便秘、食欲不振10天入院。查体：T 39.8℃，P 98次/分，肝大肋下1.0cm，软，脾肋下及边。血常规WBC 2.7×109/L，中性粒细胞52%，淋巴细胞44%，血清ALT 100U/L，肥达反应“O”1：160，“H”1：160。1．该患者最有可能的诊断是（　　）。,"{'A': '急性肝炎', 'B': '急性白血病', 'C': '伤寒', 'D': '败血症'}",C,C,True,"我们被问到：“男性，40岁，因发热、便秘、食欲不振10天入院。查体：T 39.8℃，P 98次/分，肝大肋下1.0cm，软，脾肋下及边。血常规WBC 2.7×109/L，中性粒细胞52%，淋巴细胞44%，血清ALT 100U/L，肥达反应“O”1：160，“H”1：160。1．该患者最有可能的诊断是（　　）。选项：A. 急性肝炎 B. 急性白血病 C. 伤寒 D. 败血症”

我们需要根据临床表现和实验室结果进行鉴别诊断。

患者症状：发热、便秘、食欲不振10天。体征：高热39.8℃，相对缓脉？P 98次/分，T 39.8℃，通常高热时脉搏应更快，但98次/分可能相对缓脉。肝大肋下1.0cm，脾大刚及边。白细胞减少：WBC 2.7×10^9/L，中性粒细胞52%，淋巴细胞44%（正常中性粒细胞比例应更高，但绝对值低，淋巴细胞比例相对增高，白细胞减少）。ALT升高（100U/L）。肥达反应“O”1:160，“H”1:160。肥达反应阳性，O和H抗体效价均≥1:80有诊断意义，这里1:160支持伤寒。

主要鉴别：
A. 急性肝炎：可有发热、食欲不振、肝大、ALT升高，但通常无便秘，脾大不常见，且白细胞多正常或偏低，但肥达反应通常阴性，不典型。虽然有ALT升高，但伤寒也可有肝损害导致ALT升高。
B. 急性白血病：可有发热、肝脾大、白细胞减少或增高，但通常外周血可见幼稚细胞，肥达反应不应阳性。且没有贫血、出血等描述，但白细胞减少，中性粒细胞减少，淋巴细胞相对增多，但伤寒的白细胞减少也常见。
C. 伤寒：典型症状包括持续高热、相对缓脉、肝脾大、白细胞减少、嗜酸性粒细胞减少（未提供）。有便秘或腹泻，肥达反应阳性。ALT可能轻度升高（伤寒肝炎）。与临床表现高度吻合。
D. 败血症：常为高热、畏寒、白细胞显著升高（也可能降低，特别是革兰阴性菌败血症），但肥达反应不应阳性（除非是伤寒杆菌引起的败血症，那本身就是伤寒）。通常无明显肝脾大作为主要表现，除非是特定情况。肥达反应是针对伤寒的血清学检查。

综合判断：患者有发热、相对缓脉（P98/分对于39.8℃算相对缓脉）、肝脾大、白细胞减少、便秘，肥达反应“O”和“H”均1:160，最符合伤寒。

所以答案应该是C。"
2．骨折近折段外展、外旋、屈曲移位（　　）。,"{'A': '股骨颈骨折', 'B': '股骨粗隆间骨折', 'C': '股骨上1/3骨折', 'D': '股骨髁上骨折'}",C,C,True,"我们被问到：""骨折近折段外展、外旋、屈曲移位""。这是关于不同部位骨折时近端骨折段的典型移位。问题给出了四个选项：A. 股骨颈骨折，B. 股骨粗隆间骨折，C. 股骨上1/3骨折，D. 股骨髁上骨折。

我们需要回忆股骨不同部位骨折后，由于肌肉牵拉导致的骨折段移位特征。

- 股骨颈骨折和粗隆间骨折：属于髋部骨折，骨折近端（股骨头、颈）通常由于髂腰肌、臀中肌、臀小肌等作用，可能呈现屈曲、外展、外旋或内旋？但实际上，股骨颈骨折典型移位通常是下肢外旋畸形，但近折段？题目说的是“骨折近折段外展、外旋、屈曲移位”。需要具体分析。

- 股骨上1/3骨折：即股骨干上段骨折。骨折近端受髂腰肌、臀肌（臀中肌、臀小肌）和外旋肌群牵拉，呈现屈曲、外展、外旋移位。这是典型描述：股骨干上1/3骨折时，近折端由于髂腰肌、臀中肌、臀小肌和外旋肌的牵拉，呈屈曲、外展、外旋移位；远折端受内收肌牵拉向上、向内、向后移位。所以这符合C选项。

- 股骨粗隆间骨折：骨折近端（股骨颈基底及转子部）也可能有类似移位，但典型体征是下肢短缩外旋，外旋可达90度。但问题专门问“骨折近折段外展、外旋、屈曲移位”，经典外科学教材中，股骨干上1/3骨折的典型描述就是近折端外展、外旋、屈曲移位。而股骨颈骨折和粗隆间骨折是关节囊内或囊外骨折，骨折近段（股骨头颈）往往是内收、内旋？实际上股骨颈骨折时，由于骨折远端失去关节囊限制，下肢呈外旋畸形，但近折端股骨头在关节囊内，移位可能不同。需要再确认。

骨科经典：股骨干上1/3骨折：近端因髂腰肌、臀中肌、臀小肌牵拉呈屈曲、外展、外旋；远端因内收肌群牵拉向上、向内移位。这是标准答案。

因此答案应为C。

确认其他选项：A股骨颈骨折：典型表现为患肢外旋、短缩、内收畸形（外旋角度45°-60°），但近折段（股骨头）可能因关节囊和圆韧带牵拉移位不一定如此描述。B股骨粗隆间骨折：患肢外旋可达90°，短缩明显。D股骨髁上骨折：远折端因腓肠肌牵拉向后移位，损伤腘动脉可能。

所以选项C最符合。"
首例艾滋病是由哪一国报告的？（　　）,"{'A': '南非', 'B': '印度', 'C': '苏格兰', 'D': '美国'}",D,D,True,"我们被问到：""首例艾滋病是由哪一国报告的？"" 选项：A. 南非，B. 印度，C. 苏格兰，D. 美国。

我们需要回忆医学史。艾滋病（获得性免疫缺陷综合征）首次被正式报告是在1981年，美国疾病控制与预防中心（CDC）在《发病率与死亡率周报》（MMWR）上报告了洛杉矶的五例卡氏肺孢子虫肺炎病例。这是首例官方报告。因此，首例艾滋病是由美国报告的。答案应为D。"
成年人易发生（　　）。,"{'A': '枕骨大孔疝', 'B': '小脑幕切迹上疝', 'C': '穿颅疝', 'D': '小脑幕切迹疝'}",D,D,True,"我们被问到：“医学问题：成年人易发生（　　）。选项：A. 枕骨大孔疝 B. 小脑幕切迹上疝 C. 穿颅疝 D. 小脑幕切迹疝”

我们需要选择成年人最容易发生的脑疝类型。脑疝常见类型：小脑幕切迹疝（颞叶钩回疝）、枕骨大孔疝（小脑扁桃体疝）、大脑镰下疝（扣带回疝）等。穿颅疝是颅骨缺损处疝出。小脑幕切迹上疝较少见。

在成年人中，最常见的脑疝是小脑幕切迹疝（颞叶钩回疝），常由颞叶或中颅窝的占位性病变（如硬膜外血肿、肿瘤）引起。枕骨大孔疝也常见，但通常认为小脑幕切迹疝是成年人最常见的脑疝类型。但也有教材说枕骨大孔疝多见于后颅窝病变等。通常，最常见的疝是小脑幕切迹疝。题目问“成年人易发生”，在神经外科中，小脑幕切迹疝（尤其颞叶钩回疝）是最常见的脑疝。枕骨大孔疝也多见，但小脑幕切迹疝更常见。小脑幕切迹上疝是小脑蚓部疝入幕上，较少见。穿颅疝是外伤或手术后颅骨缺损处疝出。所以答案很可能是D。

回忆外科学教材：脑疝主要有三种：小脑幕切迹疝、枕骨大孔疝、大脑镰下疝。其中小脑幕切迹疝最常见。所以选D。"
绒毛膜癌常见的转移部位依次是（　　）。,"{'A': '肺、盆腔、肝、脑、阴道', 'B': '肺、阴道、盆腔、肝、脑', 'C': '阴道、肺、盆腔、肝、脑', 'D': '肺、肝、阴道、盆腔、脑'}",B,B,True,"我们被问到：""绒毛膜癌常见的转移部位依次是（ ）"" 选项有A、B、C、D。

绒毛膜癌（choriocarcinoma）是一种高度恶性的妊娠滋养细胞肿瘤，转移发生早且广泛。最常见的转移部位是肺（约80%），其次是阴道（约30%），然后是盆腔、肝、脑等。所以顺序通常是肺、阴道、盆腔、肝、脑。但也有教材或文献说最常见的是肺，其次是阴道，然后肝、脑等，或者肺、阴道、盆腔、肝、脑。我需要回忆标准教科书（如妇产科学）中的描述。

根据《妇产科学》（第九版）等资料：绒毛膜癌转移途径主要是血行播散，转移发生早且广泛。最常见的转移部位是肺（80%），其次是阴道（30%）、盆腔（20%）、肝（10%）、脑（10%）等。所以常见转移部位依次为肺、阴道、盆腔、肝、脑。

选项B是：肺、阴道、盆腔、肝、脑。

选项A：肺、盆腔、肝、脑、阴道。

选项C：阴道、肺、盆腔、肝、脑。

选项D：肺、肝、阴道、盆腔、脑。

所以B似乎是正确的。再确认一下：有时顺序为肺、阴道、盆腔、肝、脑。是的，教材上通常按发生率高低排序：肺最常见，其次阴道，然后盆腔、肝、脑。所以选择B。"
引起ITP病人出血的机制中，下列不可能是（　　）。,"{'A': '血小板破坏过多', 'B': '血小板生成减少', 'C': '毛细血管壁通透性增加', 'D': '血小板第3因子异常'}",D,D,True,"我们被问到：""引起ITP病人出血的机制中，下列不可能是（ ）。"" 选项：A. 血小板破坏过多；B. 血小板生成减少；C. 毛细血管壁通透性增加；D. 血小板第3因子异常。

ITP 是免疫性血小板减少症。主要机制是免疫介导的血小板破坏过多，以及可能生成相对不足（但生成减少不是主要，但也可以存在？实际上，ITP 中，自身抗体导致血小板破坏增加，也抑制巨核细胞产生血小板，所以血小板生成减少也是机制之一）。问题是“不可能是”哪一个机制。我们需要找出哪一个不是 ITP 出血的机制。

A. 血小板破坏过多：这是 ITP 的主要机制。
B. 血小板生成减少：在 ITP 中，抗血小板抗体也可结合巨核细胞，导致血小板生成减少。这也是机制之一。
C. 毛细血管壁通透性增加：ITP 中，血小板减少，会不会导致毛细血管壁通透性增加？血小板有维持血管壁完整性的功能。血小板减少时，毛细血管脆性增加，通透性增加。所以这可能是出血机制。但这是否被认为是 ITP 中出血的机制之一？在教科书上，ITP 出血机制包括血小板减少、抗体也可能损伤血管内皮？实际上，通常说血小板减少导致的出血倾向包括血管脆性增加。但有些资料说 ITP 的出血机制主要是血小板减少和血小板功能异常？我们需要仔细思考。
D. 血小板第3因子异常：血小板第3因子（PF3）是血小板参与凝血的功能。ITP 中血小板数量减少，功能也可能有异常？但血小板第3因子异常通常是指血小板功能缺陷性疾病如血小板无力症等。ITP 中，血小板自身抗体可能导致血小板功能异常，包括 PF3 活性降低？这是可能的？还是说 PF3 异常不是 ITP 的机制，而是血小板本身功能异常？然而 ITP 的血小板是正常的，只是被抗体破坏，剩余的血小板功能是正常的甚至功能增强（年轻血小板功能强）？有些资料说 ITP 的血小板功能正常或代偿性增强。所以 PF3 异常不是 ITP 出血的机制，而血小板无力症才有 PF3 异常。另外，血管壁通透性增加可能是由于血小板减少导致内皮营养支持下降？教科书上常提到 ITP 出血机制包括血小板减少导致毛细血管通透性增加。也有说法是 ITP 出血主要由于血小板减少，也可能有抗体引起毛细血管损伤。哪个明确不是？

回忆医学教材：特发性血小板减少性紫癜（ITP）的出血机制是由于患者体内产生抗血小板抗体，导致血小板破坏过多，同时抗体也可抑制巨核细胞生成血小板，致使血小板数量减少。血小板减少后，血管壁的支持功能减弱，毛细血管脆性和通透性增加。所以 C 可以是机制。
而血小板第3因子（PF3）是血小板膜磷脂成分，参与凝血活酶生成。PF3 异常常见于血小板无力症等血小板功能缺陷性疾病。在 ITP，血小板数量减少，也可能有 PF3 缺乏（因为血小板少了），但“血小板第3因子异常”通常指质的异常，而不是量的缺乏？在选择题中，“血小板第3因子异常”通常指的是血小板本身的质的缺陷，这可能不是 ITP 的特征。有些题目说 ITP 的出血机制不包括血小板功能异常，而血小板第3因子异常属于功能异常。多数观点：ITP 出血主要因为血小板数量减少，抗体也可引起毛细血管损伤，血小板功能一般正常或增强。所以血小板第3因子异常不是 ITP 的机制。

查阅记忆：在医学考试题库中，有一道题：“引起ITP病人出血的机制中，下列不可能是？”选项类似，答案是 D. 血小板第3因子异常。解释：ITP的出血机制主要是血小板破坏过多和生成减少导致的数量减少，以及抗体导致毛细血管通透性增加。而血小板第3因子异常常见于血小板无力症等血小板功能缺陷性疾病，不是ITP的机制。

所以答案为 D。
确认：A、B、C都是 ITP 出血的机制。D 不是。因此选 D。"
5岁患儿，8月15日开始发热，伴头痛、恶心、呕吐1次，次日稀便3次，精神不振，抽搐一次。体检：急性热病容，嗜睡状，颈强（+），克氏征（++），血常规检查：白细胞15.0×109/L，脑脊液为无色透明，白细胞数100×106/L，中性80%。2．该患儿住院2d后，高热不退，反复抽搐，意识不清，呼吸节律不规整，双侧瞳孔不等大，此时重要的抢救措施是立即应用（　　）。,"{'A': '脱水药', 'B': '呼吸兴奋药', 'C': '地塞米松', 'D': '镇静药'}",A,A,True,"我们被问到：“5岁患儿，8月15日开始发热，伴头痛、恶心、呕吐1次，次日稀便3次，精神不振，抽搐一次。体检：急性热病容，嗜睡状，颈强（+），克氏征（++），血常规检查：白细胞15.0×109/L，脑脊液为无色透明，白细胞数100×106/L，中性80%。2．该患儿住院2d后，高热不退，反复抽搐，意识不清，呼吸节律不规整，双侧瞳孔不等大，此时重要的抢救措施是立即应用（　　）。”

选项：A. 脱水药 B. 呼吸兴奋药 C. 地塞米松 D. 镇静药

我们需要根据临床表现推断疾病及并发症，然后选择抢救措施。
患儿夏天发病，发热、头痛、呕吐、抽搐，脑膜刺激征阳性。脑脊液无色透明，白细胞100×10^6/L，中性80%。这提示病毒性脑炎可能性大（乙脑等）。住院2天后出现高热不退，反复抽搐，意识不清，呼吸节律不规整，双侧瞳孔不等大。这些是颅内压增高、脑疝的征象（双侧瞳孔不等大提示小脑幕切迹疝）。抢救脑疝最关键的是立即脱水降颅压，应用脱水剂如甘露醇。

因此重要的抢救措施是立即应用脱水药。

答案：A"
女，18岁。近几个月来常因琐事与父母发生激烈争吵，闷闷不乐，被诊断为抑郁症而入院治疗。两周后，其父母去探视，患者起初表现出既想见又不想见的矛盾心理，但最终还是决定拒绝见其父母。医生根据病情同意了患者的决定。3．根据《精神卫生法》，医生可以限制患者父母会见患者的理由是（　　）。,"{'A': '医疗机构尚未作出再次诊断结论', 'B': '未取得医疗机构负责人同意', 'C': '为了避免妨碍治疗', 'D': '未取得当地卫生行政部门批准'}",C,C,True,"我们被问到：""医学问题：女，18岁。近几个月来常因琐事与父母发生激烈争吵，闷闷不乐，被诊断为抑郁症而入院治疗。两周后，其父母去探视，患者起初表现出既想见又不想见的矛盾心理，但最终还是决定拒绝见其父母。医生根据病情同意了患者的决定。3．根据《精神卫生法》，医生可以限制患者父母会见患者的理由是（　　）。""

选项：
A. 医疗机构尚未作出再次诊断结论
B. 未取得医疗机构负责人同意
C. 为了避免妨碍治疗
D. 未取得当地卫生行政部门批准

我们需要根据《中华人民共和国精神卫生法》来回答。我了解《精神卫生法》的相关规定。关于住院精神障碍患者的探视权利，以及限制会见的情况。

《精神卫生法》第四章 精神障碍的康复，但具体条款在第四章？实际上，关于住院患者权利和会见的条款在第四章？《精神卫生法》第四十七条规定：“医疗机构及其医务人员应当在病历资料中如实记录精神障碍患者的病情、治疗措施、用药情况、实施约束、隔离措施等内容，并如实告知患者或者其监护人。患者及其监护人可以查阅、复印病历资料；但是，患者查阅、复印病历资料可能对其治疗产生不利影响的除外。” 关于探视限制，可能在更后面的章节？《精神卫生法》第四十六条？等等。我记得《精神卫生法》中有关探视的条款：第四十七条规定了有关探视的内容吗？查一下记忆：《中华人民共和国精神卫生法》第四十七条规定：“精神障碍患者的监护人应当妥善看护未住院治疗的患者，按照医嘱督促其按时服药、接受随访或者治疗。……”不是这里。关于探视，是第四十九条？《精神卫生法》第四章？我回忆不起确切条款编号，但我知道根据《精神卫生法》，精神障碍患者在住院期间，其监护人或近亲属有权探视。但是，如果探视可能妨碍治疗，医疗机构可以限制探视。我记得有一个条款明确说：如果探视可能妨碍治疗，可以暂时限制探视。那么，医生根据病情同意患者拒绝见父母，理由可能是为了避免妨碍治疗。选项C说“为了避免妨碍治疗”。这似乎合理。

让我们确认一下法律原文。《精神卫生法》第四十七条规定：“……医疗机构不得因就诊者是精神障碍患者，推诿或者拒绝治疗……” 探视权利在第四十八条？《中华人民共和国精神卫生法》第四十八条：“医疗机构不得因就诊者是精神障碍患者，推诿或者拒绝治疗……”。不对。第四十九条：“精神障碍患者的监护人应当妥善看护未住院治疗的患者……”。第五十条是关于住院患者权利吗？再查，我记得《精神卫生法》规定：“住院精神障碍患者的监护人或者近亲属可以探视患者。医疗机构认为探视可能妨碍治疗时，可以暂时限制探视。” 这来自《精神卫生法》第四章第四十七条？实际上我搜一下记忆：《精神卫生法》第四十七条：“精神障碍患者在医疗机构内发生或者将要发生伤害自身、危害他人安全、扰乱医疗秩序的行为，医疗机构及其医务人员在没有其他可替代措施的情况下，可以实施约束、隔离等保护性医疗措施……” 第四十八条：“……探视……” 记不清了。但我确定《精神卫生法》规定了“探视可能妨碍治疗”可以作为限制探视的理由。选项C是“为了避免妨碍治疗”，非常符合。

这道题是一个经典的医学伦理/精神卫生法考题，通常答案就是“为了避免妨碍治疗”。因为患者因为与父母争吵而抑郁，见面可能加重病情，妨碍治疗，所以医生可以限制。患者18岁，是完全民事行为能力人吗？18岁属于成年人，但精神障碍患者可能被限制？但根据《精神卫生法》，即使患者是成年人，监护人也有探视权，但如果有妨碍治疗的情况可以限制。所以选C。

不需要其他选项：A医疗机构尚未作出再次诊断结论 - 无关；B未取得医疗机构负责人同意 - 法条没有要求取得负责人同意才能限制探视？医生根据病情同意，可能不需要负责人批准；D未取得当地卫生行政部门批准 - 也不需要行政部门批准。所以C正确。"
2．急性肾小球肾炎的病理类型（　　）。,"{'A': '微小病变肾病', 'B': '新月体性肾小球肾炎', 'C': '硬化性肾小球肾炎', 'D': '毛细血管内增生性肾小球肾炎'}",D,D,True,"我们被问到：""急性肾小球肾炎的病理类型（　　）。选项：A. 微小病变肾病 B. 新月体性肾小球肾炎 C. 硬化性肾小球肾炎 D. 毛细血管内增生性肾小球肾炎""。我们需要选择最合适的答案。

急性肾小球肾炎在临床上通常指急性链球菌感染后肾小球肾炎，其病理类型是弥漫性毛细血管内增生性肾小球肾炎，又称内皮系膜增生性肾炎。所以选项D是正确答案。

A. 微小病变肾病：是儿童肾病综合征的常见病理类型。
B. 新月体性肾小球肾炎：是急进性肾小球肾炎的病理类型。
C. 硬化性肾小球肾炎：是慢性肾小球肾炎的病理类型。

因此，选D。"
关于心肌传导性的描述中，错误的是（　　）。,"{'A': '细胞直径细小，传导速度慢', 'B': '动作电位0期去极速度慢，传导速度慢', 'C': '闭电位水平下移，传导速度快', 'D': '心肌处在超常期内，传导速度快'}",D,D,True,"我们被问到“关于心肌传导性的描述中，错误的是”，四个选项：
A. 细胞直径细小，传导速度慢
B. 动作电位0期去极速度慢，传导速度慢
C. 闭电位水平下移，传导速度快 （注意“闭电位”可能是“阈电位”或“静息电位”？可能原文是“阈电位水平下移”或“静息电位水平下移”？“闭电位”可能是笔误，应为“阈电位”或“静息电位”。中文生理学中，通常有“阈电位水平下移，传导速度变快”或类似？需要仔细分析。）
D. 心肌处在超常期内，传导速度快

需要找出哪个描述是错误的。心肌传导性的影响因素：
1. 结构因素：细胞直径越大，传导速度越快；直径细小，传导速度慢。所以A正确。
2. 生理因素：动作电位0期去极化的速度和幅度。0期去极速度越快，传导速度越快。B正确。
3. 阈电位水平：阈电位下移（负值增大），更接近静息电位，则达到阈电位的时间缩短，传导速度会加快？还是减慢？通常，阈电位下移（负度更大）意味着更接近静息电位，兴奋性升高，但传导速度如何？阈电位下移（即更负）使去极化更容易，但传导速度取决于0期去极化的速度，同时也与刺激达到阈电位的容易程度。一般认为，阈电位下移，兴奋性增高，但传导速度不一定直接相关。或者我们分析膜电位水平的影响。静息电位水平下移（超极化）会导致0期去极化幅度和速度变化？
我们需要回忆：心肌传导速度的影响因素。
- 0期去极化的速度和幅度：最重要的因素。速度越快，传导越快。
- 膜电位水平：心肌细胞的静息膜电位或最大复极电位。如果静息电位绝对值增大（如超极化），0期去极化幅度和速度增大，传导加快；如果静息电位绝对值减小（部分去极化），则0期去极速度慢，传导变慢。
- 阈电位水平：阈电位下移（负值增大，如由-60mV变为-70mV），则与静息电位距离缩小，兴奋性增高，即所需刺激减小，但传导速度呢？阈电位下移使动作电位更易产生，但对传导速度的影响：因为达到阈电位更快，局部电流传播可能更快？但主要影响因素是0期去极速度。不过通常生理学教材里说：阈电位水平下移，兴奋性升高。但当兴奋性变化时，传导性也可能改变。在超常期，兴奋性高，传导性呢？心肌超常期传导性是快还是慢？
首先，超常期相当于动作电位复极化过程中，膜电位比静息电位更接近阈电位的时期，此时兴奋性较高。但传导速度取决于0期去极化的速度。在超常期，膜电位尚未完全复极到静息电位，膜电位绝对值较小，此时钠通道处于部分恢复状态，0期去极速度和幅度可能较小，因此传导速度是减慢的。根据生理学，心肌在超常期传导性是减慢的。相对不应期时，传导减慢；超常期时，传导也减慢（因为膜电位较小，钠通道活性未完全恢复）。所以D说“心肌处在超常期内，传导速度快”可能是错误的。另外，C选项“闭电位水平下移，传导速度快”。“闭电位”可能是“阈电位”？阈电位下移，确实会提高兴奋性，但传导速度是否会加快？通常阈电位下移，与静息电位差距缩小，局部电流更容易达到阈电位，故而兴奋传导可能加快？但传导速度主要取决于0期去极速度和细胞直径。也有说法：阈电位水平偏低（更负），传导速度减慢？我需要确认。实际上，阈电位水平下移，意味着更易兴奋，但对于传导，如果0期去极速度不变，传导可能没有明显变化？或者，阈电位下移，局部电流达到阈电位时间缩短，传导会加快？但通常传导速度更多与膜电位水平和0期去极速度相关。还有“阈电位水平”与“传导速度”的关系：阈电位水平下移（负值增大），静息电位与阈电位差距变小，兴奋性增高。但在心脏传导，如果钠通道状态不变，到达阈电位的时间缩短，局部电路传导可能更快。但常见描述中，阈电位下移对传导速度的影响不显著，或者不会有“传导速度快”这么直接的表述。再看看C选项原文：“闭电位水平下移，传导速度快”。可能是“静电位”即静息电位？静息电位水平下移（超极化），传导速度快（对的，因为超极化时钠通道可用数多，0期去极速度和幅度增大）。或者“阈电位”写成“闭电位”？如果是“静息电位水平下移，传导速度快”是对的；如果是“阈电位水平下移”，可能也有争议。不过在许多医学考试题中，错误选项常常是D：“心肌处在超常期内，传导速度快”。因为超常期兴奋性高，但传导性并不高，实际上传导速度是减慢的。因为超常期膜电位绝对值较小，0期去极化速度和幅度较小。所以“超常期内传导速度快”是错误的。

我们来确认：
心肌传导性：超常期时，兴奋性升高，但传导性下降（传导速度变慢）。相对不应期和超常期传导速度都变慢。因此D错误。
C：“闭电位水平下移”，可能指“阈电位水平下移”或“静息电位水平下移”（闭可能是静或阈的笔误）。通常如果是“静息电位水平下移”，静息电位绝对值变大（超极化），距离阈电位远，但此时Na+通道可用数多，0期去极速度快，传导速度是加快的？静息电位下移（更负），如-90mV变为-100mV，超极化，兴奋性降低，但0期去极速度和幅度增加，传导速度加快？对，超极化时传导速度是加快的。如果是“阈电位水平下移”，阈电位变得更负，与静息电位差距缩小，兴奋性升高，但对0期去极速度和幅度无直接影响，主要是更容易兴奋，传导速度也可能略有增加？但一般认为阈电位下移不影响0期去极速度和幅度，传导速度不变或稍加快？我查阅记忆：心肌传导性的影响因素：①结构因素；②0期去极速度和幅度；③邻近部位膜的兴奋性。阈电位水平或静息电位影响兴奋性，进而影响传导。当邻近部位兴奋性高（如阈电位下移），则传导可能加快。但“超常期”的概念：心肌细胞在超常期内，膜电位略低于静息电位（绝对值小），处于部分去极化，钠通道部分失活，虽然兴奋性高，但0期去极速度和幅度减小，传导速度是减慢的。所以“心肌处在超常期内，传导速度快”是错误的。
因此选D。

最终答案D。"
下列属于必需脂肪酸的是（　　）。,"{'A': '亚麻酸', 'B': '硬脂酸', 'C': '油酸', 'D': '十二碳脂肪酸'}",A,A,True,"我们被问到：“下列属于必需脂肪酸的是（　　）。” 选项有A. 亚麻酸，B. 硬脂酸，C. 油酸，D. 十二碳脂肪酸。

必需脂肪酸是指人体不能自身合成，必须通过食物供给的脂肪酸。人体必需的脂肪酸包括亚油酸（十八碳二烯酸，ω-6系列）和α-亚麻酸（十八碳三烯酸，ω-3系列）。硬脂酸是十八碳饱和脂肪酸，人体能合成。油酸是单不饱和脂肪酸（十八碳一烯酸），人体能合成。十二碳脂肪酸是月桂酸，饱和脂肪酸，人体能合成。亚麻酸即α-亚麻酸，是必需脂肪酸。因此答案是A。

所以输出：A"
与排卵后基础体温升高有关的激素是（　　）。,"{'A': '卵泡刺激素', 'B': '缩宫素', 'C': '黄体生成素', 'D': '孕激素'}",D,D,True,"我们被问到：“医学问题：与排卵后基础体温升高有关的激素是（　　）。” 选项：A. 卵泡刺激素，B. 缩宫素，C. 黄体生成素，D. 孕激素。需要选择最合适的答案，只回答选项字母。

基础体温在排卵后升高是由于孕激素（progesterone）的作用。排卵后黄体形成，分泌孕激素，孕激素作用于体温调节中枢，使基础体温升高0.3-0.5℃。虽然黄体生成素（LH）峰值触发排卵，但直接引起体温升高的是孕激素。因此正确答案是D. 孕激素。

只输出D。"
一女性，55岁，丧偶8年，现独居，嗜烟酒，不爱运动。平时性情抑郁，过分容忍，办事无主见，常顺从于别人。1月前行胃癌切除，术中及术后情绪低落，兴趣下降，独自流泪，有轻生之念。1．患者病前的行为特征为（　　）。,"{'A': 'B型', 'B': 'A型', 'C': 'C型', 'D': '以上都不是'}",C,C,True,"我们被问到：“患者病前的行为特征为（　　）。”选项：A. B型，B. A型，C. C型，D. 以上都不是。

我们需要根据描述判断患者病前的行为特征属于哪种类型。描述：“一女性，55岁，丧偶8年，现独居，嗜烟酒，不爱运动。平时性情抑郁，过分容忍，办事无主见，常顺从于别人。”这是病前的人格特征。然后1月前行胃癌切除，术后情绪低落等。

在医学心理学或行为医学中，行为类型主要有A型、B型、C型等。
A型行为：急躁、好胜、时间紧迫感、敌意等，易患冠心病。
B型行为：与A型相反，悠闲、不争强好胜、随和等。
C型行为：过分压抑、顺从、回避冲突、过分忍耐、抑郁、不表达负面情绪等，与癌症发生有关。研究表明C型行为者癌症发病率较高。
题目中描述“性情抑郁，过分容忍，办事无主见，常顺从于别人”，这非常符合C型行为的特征。而且患者患胃癌，也与C型行为倾向相符。因此选C。

答案：C"
1．癫痫复杂部分性发作的病灶多位于（　　）。,"{'A': '额叶', 'B': '脑干', 'C': '颞叶', 'D': '基底节'}",C,C,True,"我们被问到：“癫痫复杂部分性发作的病灶多位于（ ）。” 选项：A. 额叶 B. 脑干 C. 颞叶 D. 基底节。

需要确定复杂部分性发作（complex partial seizures）最常见的病灶位置。复杂部分性发作现在通常称为局灶性意识障碍性发作。它们通常起源于颞叶，特别是颞叶内侧结构比如海马和杏仁核。所以多位于颞叶。因此答案是C。"
下列哪项为病人最常见的情绪反应?（　　）,"{'A': '抑郁', 'B': '焦虑', 'C': '沮丧', 'D': '恐惧'}",B,B,True,"我们被问到：“医学问题：下列哪项为病人最常见的情绪反应?（　　）选项：A. 抑郁 B. 焦虑 C. 沮丧 D. 恐惧”

我们需要选择最合适的答案。问题问的是“病人最常见的情绪反应”。在医学心理学或护理学中，焦虑通常被认为是病人最常见的情绪反应。当一个人生病时，面对疾病、治疗、不确定性等，最常见的反应就是焦虑。抑郁、沮丧、恐惧也可能出现，但焦虑是最普遍和首位的。查阅相关资料：病人最常见的情绪反应是焦虑。所以答案应该是B。"
1．伤寒病（　　）。,"{'A': '急性增生性炎', 'B': '急性化脓性炎', 'C': '急性渗出性炎', 'D': '慢性增生性炎'}",A,A,True,"我们被问到：“伤寒病（　　）。” 选项：A. 急性增生性炎 B. 急性化脓性炎 C. 急性渗出性炎 D. 慢性增生性炎。需要选择最合适的答案。

伤寒病由伤寒杆菌引起，主要病理特征是全身单核巨噬细胞系统的增生性反应，以回肠末端淋巴组织的病变最为突出。伤寒的炎症类型属于急性增生性炎，表现为巨噬细胞增生，形成伤寒肉芽肿。因此答案为A。

确认：伤寒是急性增生性炎。选项A正确。"
男，27岁。尿频、尿急、尿痛1年，一般抗炎治疗不好转，时有低热无力，尿检：白细胞20～30/HP，红细胞5～8/HP。肾图：右肾功能严重受损，左肾积水。初诊为肾结核，为确诊，以下检查意义最大的是（　　）。,"{'A': 'IVU', 'B': 'B超', 'C': '肾动脉造影', 'D': '血常规'}",A,A,True,"我们被问到：""男，27岁。尿频、尿急、尿痛1年，一般抗炎治疗不好转，时有低热无力，尿检：白细胞20～30/HP，红细胞5～8/HP。肾图：右肾功能严重受损，左肾积水。初诊为肾结核，为确诊，以下检查意义最大的是（ ）。选项：A. IVU, B. B超, C. 肾动脉造影, D. 血常规。""

我需要分析：患者疑似肾结核。尿路刺激症状，抗炎无效，低热乏力，尿检有白细胞和红细胞（无菌性脓尿？），肾图显示右肾受损，左肾积水。初诊为肾结核。为确诊，什么检查意义最大？肾结核的确诊检查：尿液抗酸杆菌检查、结核菌培养、IVU（静脉尿路造影）可显示肾盏破坏等典型征象，但近年来CT等更有价值。但选项里只有IVU、B超、肾动脉造影、血常规。通常对于泌尿系结核，IVU是早期重要的影像学检查，可以显示肾盏边缘不整如虫蚀状、空洞、肾盂积水等，对诊断有意义。但确诊需要细菌学。不过题目问的是“为确诊，以下检查意义最大的是”，可能是指影像学或进一步检查？选项中没有尿结核菌检查。因此从选项来看，IVU（排泄性尿路造影）对肾结核的诊断有重要价值，能显示肾实质破坏和肾盂肾盏形态改变。B超可发现肾积水、脓肿等，但对结核特异性不高。肾动脉造影无关。血常规没有特异性。所以A. IVU是合适的。

确认：对于肾结核，确诊金标准是尿结核杆菌检查，但选项中没有。那么在这些选项中，IVU曾经是诊断肾结核的首选影像学方法，能显示肾盏破坏等特征性改变。所以选A。"
根据病因及发病机制。贫血可分为（　　）。,"{'A': '红细胞生成减少、造血功能不良及红细胞破坏过多三类', 'B': '红细胞生成减少、红细胞破坏过多及失血三类', 'C': '红细胞生成减少、溶血、失血、再生障碍性贫血（简称再障）及缺铁等五类', 'D': '红细胞生成减少、红细胞过度破坏、失血及造血功能不良四类'}",B,B,True,"我们被问到：""根据病因及发病机制。贫血可分为（　　）。"" 选项是A、B、C、D。我们需要选择正确的分类。

根据医学知识，贫血的分类通常按病因和发病机制分为：
1. 红细胞生成减少
2. 红细胞破坏过多（溶血）
3. 失血（急性或慢性）

这是最经典的分类。造血功能不良是红细胞生成减少的一种。再障、缺铁等属于具体疾病，不是大类。选项B：红细胞生成减少、红细胞破坏过多及失血三类。这是标准分类。选项A多了“造血功能不良”与红细胞生成减少并列，不恰当。选项C把具体病名混入分类。选项D类似。因此正确答案是B。"
不符合典型热性惊厥表现的是（　　）。,"{'A': '多数呈全身性强直阵挛性发作', 'B': '初期体温骤升可达39℃', 'C': '惊厥复发总次数≤4次', 'D': '惊厥持续＞10分钟'}",D,D,True,"我们被问到：“不符合典型热性惊厥表现的是（　　）。” 选项：
A. 多数呈全身性强直阵挛性发作
B. 初期体温骤升可达39℃
C. 惊厥复发总次数≤4次
D. 惊厥持续＞10分钟

我们需要找出哪一个不是典型热性惊厥的表现。热性惊厥（febrile seizures）典型特征：常见于6个月至5岁儿童，体温快速上升期，通常为全身性强直-阵挛发作，持续时间短，通常<15分钟，多数<5-10分钟。典型热性惊厥（单纯性）的特点：全身性发作，持续时间<15分钟，24小时内仅一次发作，无局灶性特征。复杂性热性惊厥：局灶性发作，持续时间>15分钟，或24小时内多次发作。复发总次数：典型热性惊厥患儿可能复发，但单纯性热性惊厥的总发作次数通常不超过4次？实际上，大多数单纯性热性惊厥患儿一生中只发作1-2次。但是具体“总次数≤4次”是不是典型表现？我们需要仔细检查。

选项D：“惊厥持续＞10分钟”。典型单纯性热性惊厥持续时间通常小于15分钟，但通常大多数在5分钟内。但是“＞10分钟”是否不符合典型？很多教科书定义单纯性热性惊厥为持续时间小于15分钟，所以如果惊厥持续＞10分钟，仍然可能小于15分钟，所以有可能是典型的？但是典型通常是短暂的，多数小于5-6分钟。但严格标准：单纯性热性惊厥持续时间<15分钟。但临床上，如果持续超过10分钟，可能被视为复杂性？不，复杂性标准是>15分钟或局灶性等。有一些指南认为持续时间>10分钟属于复杂性热性惊厥？我需要回忆。

美国儿科学会（AAP）定义：单纯性热性惊厥是全身性、持续时间小于15分钟、24小时内仅一次发作。复杂性热性惊厥为局灶性、持续时间大于等于15分钟、或24小时内复发。所以持续＞10分钟仍然可以小于15分钟，可能是典型的。但有些资料说典型热性惊厥多数持续数秒至数分钟，一般不超过5-10分钟。如果选项说“惊厥持续＞10分钟”，这可能被认为是不典型表现吗？

再看C选项：“惊厥复发总次数≤4次”。热性惊厥有复发倾向，约1/3会复发。但有没有总次数限制？典型热性惊厥并不规定总次数，只是单次发作是单纯性的。有些诊断标准中，单纯性热性惊厥可能没有总次数限制，但经常说如果发作次数过多，需要考虑癫痫等。我记得教科书中有“单纯性热性惊厥”的临床特点包括：年龄6个月至5岁；发作呈全身性；持续时间短，多在5-10分钟内；发作后无神经系统异常；总发作次数一般不超过4-5次？查一下：在《儿科学》热性惊厥章节，单纯性热性惊厥的特点：①多见于6个月～5岁；②发作呈全身性；③持续时间短，多<10分钟；④一次热程中仅有1次发作；⑤总发作次数少。但是对于具体次数很少严格定义。有些参考书可能提到“复发总次数≤4次”作为典型特点。而复杂性热性惊厥可能反复发作。

另外，选项B：“初期体温骤升可达39℃”。热性惊厥通常发生在体温骤升初期，体温常达39℃以上，这是典型表现。

A：“多数呈全身性强直阵挛性发作”是典型表现。

那么，D：“惊厥持续＞10分钟”可能被认为不符合典型？因为典型热性惊厥多数持续数分钟，一般不超过10分钟。《儿科学》教材（如王卫平主编）写到：单纯性热性惊厥“发作持续时间短，多为数秒至数分钟，一般不超过10分钟”。所以“持续＞10分钟”不属于典型表现，或者可能被视为复杂性。但也有教材说单纯性持续时间<15分钟。我需要确认常考的经典题目。

我回忆医学考试中，关于热性惊厥典型表现，常考单纯性热性惊厥特点：全身性发作，持续数秒至数分钟，不超过10-15分钟，一次热程中仅一次，总发作次数不超过4次。题目问“不符合典型热性惊厥表现的是”，可能D是错误，因为典型持续时间短，一般不超过10分钟。而选项C“惊厥复发总次数≤4次”是符合的。有些题目会出“惊厥持续＞15分钟”不符合，但这里是＞10分钟。可能在实际考题中，典型热性惊厥持续时间通常<10分钟，所以>10分钟是不典型。也有的教材明确说：单纯性热性惊厥持续时间<15分钟，但“多数在5～10分钟内”。因此，“>10分钟”可能仍被认为属于单纯性，但“不符合典型”可能选C？我不确定。

让我们搜索记忆中的真题或常见考点。典型热性惊厥（单纯型）的表现不包括：惊厥持续时间长（>10分钟或>15分钟），局部性发作等。常见题目：下列哪项不符合单纯性热性惊厥的特点？选项常有“惊厥持续>15分钟”“局灶性发作”“复发总次数>5次”等。但这里的选项是：D惊厥持续＞10分钟，C惊厥复发总次数≤4次。如果C说“≤4次”是符合的，那它是典型特点。D说“>10分钟”，可能是不典型特点？但需要确认：很多教材写单纯性热性惊厥持续时间多<10分钟。例如，《儿科学》第九版：单纯性热性惊厥“发作持续时间短，多为数秒至数分钟，极少超过10分钟”。所以“持续>10分钟”即为极少见，不符合典型表现。因此，D是不符合典型表现的。

但也有可能“惊厥复发总次数≤4次”不是严格标准，而有些题目会认为总次数≤4是典型的，而复杂性热性惊厥复发次数多。我记得有的诊断标准：单纯性热性惊厥总发作次数一般不超过4-5次。所以C是符合的。

再核实一下：热性惊厥分为单纯性和复杂性。单纯性：全身性发作，持续时间<15分钟，24小时内仅一次，无神经系统异常。复杂性的特点：局灶性，持续时间≥15分钟，24小时内多次发作。此外，有些文献提到“总发作次数”在单纯性中通常≤4次，如果超过4次，要考虑复杂性或其他。因此，C可能是典型表现。

但是有的教材可能写：典型热性惊厥“惊厥持续数秒至数分钟，一般不超过5-10分钟”。所以D“＞10分钟”肯定不符合典型。而C“复发总次数≤4次”是符合的。所以答案很可能是D。

我查阅常见题库：有一题：“不符合典型热性惊厥表现的是：A.多数呈全身性强直阵挛性发作；B.初期体温骤升可达39℃；C.惊厥复发总次数≤4次；D.惊厥持续＞10分钟。”正确答案通常是D。因为典型热性惊厥发作时间短，多<10分钟。也有说单纯性热性惊厥持续时间<15分钟，但如果选项里有>10分钟，通常作为不符合典型的标志，因为大部分典型是5分钟以内。

还有，有些题库里类似题：“典型热性惊厥的特点不包括：A.多见于6个月至5岁；B.全身性发作；C.惊厥持续>10分钟；D.一次热程中仅一次发作；E.总发作次数不超过4次。”答案选C。

因此，D是不符合的，选D。

确认：C选项“惊厥复发总次数≤4次”符合典型热性惊厥，典型单纯性热性惊厥的复发总次数一般不超过4次，若超过可能转为复杂性或癫痫。

所以答案是D。"
男，60岁。背部无痛性肿块5年，约鸽蛋大小，未见增大。查体：右肩胛下皮下一圆形肿块，直径约3.5cm，与皮肤粘连，表面有黑头，质稍硬，无压痛，边界清。其最可能的诊断是（　　）。,"{'A': '皮脂囊肿', 'B': '畸胎瘤', 'C': '鳞状细胞癌', 'D': '脂肪瘤'}",A,A,True,"我们被问到：""男，60岁。背部无痛性肿块5年，约鸽蛋大小，未见增大。查体：右肩胛下皮下一圆形肿块，直径约3.5cm，与皮肤粘连，表面有黑头，质稍硬，无压痛，边界清。其最可能的诊断是（　　）。选项：A. 皮脂囊肿 B. 畸胎瘤 C. 鳞状细胞癌 D. 脂肪瘤""

我们需要分析病例：60岁男性，背部无痛性肿块5年，约鸽蛋大小，未见增大。右肩胛下皮下一圆形肿块，直径3.5cm，与皮肤粘连，表面有黑头，质稍硬，无压痛，边界清。

典型特征：皮下肿块，与皮肤粘连，表面有黑头。这是皮脂囊肿（sebaceous cyst）的典型表现，通常由毛囊堵塞引起，内容物为皮脂，表面可见小黑头（堵塞的毛囊口）。无痛，无增大，边界清。所以诊断可能是皮脂囊肿。

畸胎瘤通常见于卵巢、睾丸等部位，背部皮下少见，且常包含多种组织。鳞状细胞癌通常表现为溃疡、菜花样肿块，生长较快，不是5年无痛无增大。脂肪瘤通常位于皮下，质软，边界清，与皮肤无粘连，表面无黑头。因此最可能是皮脂囊肿。

所以答案选A。"
婴儿腹泻当补液纠正脱水与酸中毒后，患儿突然发生惊厥，首先考虑（　　）。,"{'A': '补液量不够', 'B': '补液速度太快', 'C': '低血钾', 'D': '低血钙'}",D,D,True,"我们被问到：""医学问题：婴儿腹泻当补液纠正脱水与酸中毒后，患儿突然发生惊厥，首先考虑（　　）。""

选项：
A. 补液量不够
B. 补液速度太快
C. 低血钾
D. 低血钙

这是一个医学考试常见题。婴儿腹泻时，由于脱水、酸中毒，常常会丢失电解质。纠正脱水酸中毒后，由于酸中毒被纠正，离子钙减少，容易发生低钙惊厥。另外，腹泻患儿也可能有低钾，但低钾主要表现为肌肉无力、腹胀、心律失常等，一般不会引起惊厥。补液量不够不会直接引起惊厥；补液速度太快可能导致心力衰竭等，但不是惊厥的首要原因。所以，首先考虑低血钙。答案选D。

故答案：D"
有关手术后早期活动，下列错误的是（　　）。,"{'A': '改善血液循环', 'B': '可影响切口愈合', 'C': '减少肺部并发症', 'D': '防止下肢静脉血栓形成'}",B,B,True,"我们被问到：""有关手术后早期活动，下列错误的是（　　）。"" 选项：
A. 改善血液循环
B. 可影响切口愈合
C. 减少肺部并发症
D. 防止下肢静脉血栓形成

问题是“错误的是”，即关于术后早期活动的说法哪一个是错误的。术后早期活动的好处通常包括：改善血液循环，减少肺部并发症（如肺不张、肺炎），防止下肢深静脉血栓形成。一般认为早期活动不会影响切口愈合，实际上适当活动可能促进愈合，不影响愈合。但选项B说“可影响切口愈合”，意思可能是“会影响切口愈合”（负面含义），这通常是错误的观念。传统上认为早期活动可能影响切口愈合，但现代外科提倡早期活动，并不会影响切口愈合，反而有利。因此错误说法是B。"
女性，25岁，妊娠15周，近日出现全身粟粒大小红色丘疹，伴耳后淋巴结肿大，印象诊断是风疹。该病最严重的危害是（　　）。,"{'A': '诱发肿瘤形成', 'B': '激活潜伏感染', 'C': '造成免疫低下', 'D': '导致胎儿畸形'}",D,D,True,"我们被问到：""医学问题：女性，25岁，妊娠15周，近日出现全身粟粒大小红色丘疹，伴耳后淋巴结肿大，印象诊断是风疹。该病最严重的危害是（　　）。""

选项：
A. 诱发肿瘤形成
B. 激活潜伏感染
C. 造成免疫低下
D. 导致胎儿畸形

我们需要分析并选择最合适的答案。问题涉及风疹（Rubella），特别是妊娠期风疹感染。风疹病毒在妊娠早期感染可导致先天性风疹综合征，包括胎儿畸形（如耳聋、白内障、心脏缺陷等）。这是风疹最严重的危害，尤其是对于孕妇。因此，正确答案是D。

所以输出应该是：D"
成年男性。三个月来双下肢无力、麻木逐渐加重，背后疼痛且咳嗽时加剧。查体：左半侧T8以下痛、温觉消失，右下肢肌力3级，腱反射亢进，Babinski征阳性，右下肢足趾振动觉、位置觉消失1．可能的诊断为（　　）。,"{'A': 'T8附近脊髓髓内癌变', 'B': '左T8附近脊髓髓外病变', 'C': '右T8附近脊髓髓内癌变', 'D': '右T8附近脊髓髓外病变'}",C,D,False,"我们被问到：“成年男性。三个月来双下肢无力、麻木逐渐加重，背后疼痛且咳嗽时加剧。查体：左半侧T8以下痛、温觉消失，右下肢肌力3级，腱反射亢进，Babinski征阳性，右下肢足趾振动觉、位置觉消失。可能的诊断为（ ）。”

选项：
A. T8附近脊髓髓内癌变
B. 左T8附近脊髓髓外病变
C. 右T8附近脊髓髓内癌变
D. 右T8附近脊髓髓外病变

我们需要确定病变位于脊髓的哪一侧（左或右），以及是髓内还是髓外。患者表现为：左半侧T8以下痛温觉消失，右下肢肌力减退（3级），腱反射亢进，Babinski征阳性，右下肢振动觉和位置觉消失。这是典型的Brown-Séquard综合征（脊髓半切综合征）。脊髓半切损害导致同侧（病变侧）的运动障碍（皮质脊髓束）、深感觉障碍（薄束/楔束）和对侧的痛温觉障碍（脊髓丘脑束）。该患者右下肢肌力下降、腱反射亢进、Babinski征阳性、振动觉位置觉消失，说明右侧深感觉和运动通路受损。左侧T8以下痛温觉消失，说明左侧脊髓丘脑束受损。脊髓丘脑束在进入脊髓后不久即交叉到对侧，所以在脊髓半切时，痛温觉障碍出现在病变的对侧。因此，病变位于右侧。如果病变在右侧，那么右侧皮质脊髓束和右侧薄束/楔束受损，导致右侧运动障碍和深感觉障碍；左侧脊髓丘脑束受损，导致左侧痛温觉障碍。这与描述完全一致。所以病变在右侧。

接下来是髓内还是髓外？症状逐渐加重，伴有背后疼痛，咳嗽时加剧。背后疼痛且咳嗽时加剧（牵拉神经根？），这提示有神经根痛或脊膜刺激。脊髓髓外病变（如肿瘤）常先压迫神经根导致根痛，咳嗽、打喷嚏时加重。髓内病变通常无根痛，而感觉障碍常呈分离性或节段性，早期可出现感觉分离。此处患者有根痛，更符合髓外病变。另外，脊髓髓外硬膜下病变常从一侧压迫脊髓，引起Brown-Séquard综合征。而且髓内病变通常振动觉位置觉保留较晚，而该患者右下肢振动觉位置觉消失，也偏向髓外。因此，综合判断是右侧T8附近脊髓髓外病变。

答案应为D：右T8附近脊髓髓外病变。

确认选项：
A. T8附近脊髓髓内癌变（不指定侧，但髓内不可能如此清晰的半切）
B. 左T8附近脊髓髓外病变（侧别错）
C. 右T8附近脊髓髓内癌变（髓内一般无根痛，且半切不典型）
D. 右T8附近脊髓髓外病变

因此选D。"
女，48岁，G2P1，渐进性痛经6年，经量增多3年。查体：子宫如妊娠12周大小，质硬，活动受限，药物治疗后症状无缓解。最佳手术治疗方案是（　　）。,"{'A': '双附件切除术', 'B': '子宫切除术', 'C': '改良广泛性子宫切除术', 'D': '广泛性子宫切除术'}",B,B,True,"我们被问到：“女，48岁，G2P1，渐进性痛经6年，经量增多3年。查体：子宫如妊娠12周大小，质硬，活动受限，药物治疗后症状无缓解。最佳手术治疗方案是（　　）。选项：A. 双附件切除术 B. 子宫切除术 C. 改良广泛性子宫切除术 D. 广泛性子宫切除术”

我们需要选择最佳手术治疗方案。

分析病例：48岁女性，G2P1（孕2产1），渐进性痛经6年，经量增多3年。查体：子宫如妊娠12周大小（约12周妊娠大小，增大明显），质硬，活动受限，药物治疗无效。这高度提示子宫腺肌病，可能伴有子宫肌瘤？但“质硬，活动受限”提示子宫腺肌病或者子宫内膜异位症累及子宫？子宫腺肌病典型表现为子宫均匀增大、质硬、经量增多和痛经。活动受限可能提示合并盆腔子宫内膜异位症，有粘连。药物治疗无效，需要手术治疗。

对于48岁女性，无生育要求，药物治疗无效的子宫腺肌病/症状性子宫肌瘤等，通常选择子宫切除术。是子宫切除术还是子宫加双附件切除术？她48岁，围绝经期，卵巢可能还有功能，但活动受限可能意味着子宫内膜异位症或粘连，可能需同时切除卵巢？但题目选项有“双附件切除术”、“子宫切除术”、“改良广泛性子宫切除术”、“广泛性子宫切除术”。广泛性子宫切除术用于恶性肿瘤如宫颈癌。改良广泛性子宫切除术（次广泛子宫切除术）用于早期宫颈癌等。这里没有恶性肿瘤证据，所以C和D不合适。双附件切除术：仅切除卵巢和输卵管，不切除子宫？通常用于预防性切除或卵巢病变，但患者主要症状是痛经和经量增多，源于子宫病变。若只切附件，子宫还在，不能解决经量增多和痛经（除非卵巢激素导致痛经，但子宫腺肌病是子宫本身病变，切卵巢可能缓解痛经，但经量增多仍需切子宫）。最佳手术方案应该是子宫切除术，可能包括或不包括卵巢。由于48岁，可能行全子宫+双附件切除术？但选项中没有“全子宫加双附件切除术”，只有单独的双附件切除术（A）和子宫切除术（B）。那么“子宫切除术”应该指全子宫切除术或子宫切除术（可能保留卵巢）。对于子宫腺肌病，保守性手术是子宫切除，卵巢保留与否根据年龄和卵巢状况。48岁，围绝经期，如果卵巢正常，可以保留，或根据患者意愿。但题目问“最佳手术治疗方案”，通常子宫腺肌病有症状且无生育要求者行全子宫切除术。所以B.子宫切除术是合适的。A选项仅双附件切除术不能解决经量增多，而且痛经可能也不能完全解决（子宫还在）。C和D是恶性肿瘤手术，不适用。因此选B。"
急性弥漫性增生性肾小球肾炎中增生的主要细胞是（　　）。,"{'A': '肾小球周围的成纤维细胞及系膜细胞', 'B': '肾球囊壁层上皮细胞及毛细血管内细胞', 'C': '肾小球毛细血管内皮细胞及系膜细胞', 'D': '肾球囊脏层上皮细胞及系膜细'}",C,C,True,"我们被问到：""急性弥漫性增生性肾小球肾炎中增生的主要细胞是（　　）。"" 选项：
A. 肾小球周围的成纤维细胞及系膜细胞
B. 肾球囊壁层上皮细胞及毛细血管内细胞
C. 肾小球毛细血管内皮细胞及系膜细胞
D. 肾球囊脏层上皮细胞及系膜细

需要选出正确选项。急性弥漫性增生性肾小球肾炎（acute diffuse proliferative glomerulonephritis），典型的是链球菌感染后肾小球肾炎。病理特征是毛细血管内皮细胞和系膜细胞增生，伴有中性粒细胞和单核细胞浸润。所以增生的主要细胞是肾小球毛细血管内皮细胞及系膜细胞。选项C。选项A是成纤维细胞及系膜细胞，不对。B是壁层上皮细胞，那是新月体肾炎的特征。D是脏层上皮细胞（足细胞），不对。所以答案选C。"
女性，17岁，高中三年级学生，1998年5月10日由家长陪同就诊。近1个月来模拟考试时脑子里一片空白，成绩明显下降，要求明年再参加高考，劝说无效。该生原是班级三好学生，老师与家长对她的期望很高。病人日常学习、生活活动表现如常。1．诊断是什么（　　）。,"{'A': '睡眠障碍', 'B': '发育障碍', 'C': '应激状态', 'D': '神经衰弱'}",C,C,True,"我们被问到：“医学问题：女性，17岁，高中三年级学生，1998年5月10日由家长陪同就诊。近1个月来模拟考试时脑子里一片空白，成绩明显下降，要求明年再参加高考，劝说无效。该生原是班级三好学生，老师与家长对她的期望很高。病人日常学习、生活活动表现如常。1．诊断是什么（　　）。

选项：
A. 睡眠障碍
B. 发育障碍
C. 应激状态
D. 神经衰弱”

我们需要仔细分析并选择最合适的诊断。这是一个典型的考试焦虑或应激相关障碍。患者面临高考压力，在模拟考试时出现“脑子一片空白”，成绩下降，要求明年再考。日常表现正常，没有提到睡眠问题、发育问题或典型的神经衰弱症状。这更符合应激状态（急性应激反应或适应障碍）。神经衰弱在中国过去诊断较多，但有特定症状如精神易兴奋和易疲劳、情绪烦恼、睡眠障碍等。这里突出的是考试诱发的应激反应。所以选C。"
胚胎造血首先出现在（　　）。,"{'A': '肝脏', 'B': '胸腺', 'C': '卵黄囊', 'D': '淋巴结'}",C,C,True,"我们被问到：“胚胎造血首先出现在（ ）。” 选项：A. 肝脏，B. 胸腺，C. 卵黄囊，D. 淋巴结。

需要回忆胚胎造血的发生过程。在人类胚胎发育中，造血发生分为几个阶段：首先是卵黄囊期（中胚层时期），大约在胚胎第3周开始，卵黄囊壁的胚外中胚层形成血岛，产生原始造血干细胞，主要生成有核红细胞。随后是肝脏期（大约第6周开始），肝脏成为主要造血器官，产生红细胞、粒细胞和巨核细胞等。之后是骨髓期，大约从第4-5个月开始，骨髓逐渐成为主要造血器官。胸腺和淋巴结主要是淋巴器官，不是胚胎造血首先出现的位置。所以首先出现造血的是卵黄囊。答案应为C。"
1．参与辅酶A组成的维生素是（　　）。,"{'A': '维生素B1', 'B': '维生素B6', 'C': '维生素PP', 'D': '泛酸'}",D,D,True,"我们被问到：“参与辅酶A组成的维生素是（　　）。” 选项：A. 维生素B1，B. 维生素B6，C. 维生素PP，D. 泛酸。

辅酶A（CoA）含有泛酸（维生素B5）。所以答案是D。"
治疗弥漫性血管内凝血时，监测肝素用量的试验是（　　）。,"{'A': '血小板计数', 'B': '3P试验', 'C': 'APTT（激活的部分凝血活酶时间）', 'D': '纤维蛋白原定量'}",C,C,True,"我们被问到：""治疗弥漫性血管内凝血时，监测肝素用量的试验是（　　）。"" 选项：A. 血小板计数 B. 3P试验 C. APTT（激活的部分凝血活酶时间） D. 纤维蛋白原定量。需要选择最合适的答案。

弥漫性血管内凝血（DIC）是一种获得性凝血功能障碍。治疗DIC时，肝素的使用是有争议的，但在某些情况下（如慢性DIC、暴发性紫癜等）可能使用肝素。监测肝素治疗通常使用APTT（活化部分凝血活酶时间），因为肝素主要通过增强抗凝血酶III来抑制凝血酶和因子Xa等，APTT对肝素敏感，常用于监测普通肝素（未分段肝素）的剂量。在DIC中如果要使用肝素，监测肝素用量一般也是用APTT。血小板计数、3P试验（血浆鱼精蛋白副凝固试验，测纤维蛋白降解产物）、纤维蛋白原定量是DIC诊断指标，不是用来监测肝素用量。因此答案是C。"
患儿，10岁，发育正常，无明显症状。听诊于胸骨左缘第2、3肋间2级收缩期杂音，心电图显示右心室肥厚及不完全性右束支传导阻滞。1．本例可能的诊断是（　　）。,"{'A': '肺动脉狭窄', 'B': '室间隔缺损', 'C': '房间隔缺损', 'D': '右位心'}",C,C,True,"我们被问到：“患儿，10岁，发育正常，无明显症状。听诊于胸骨左缘第2、3肋间2级收缩期杂音，心电图显示右心室肥厚及不完全性右束支传导阻滞。1．本例可能的诊断是（　　）。选项：A. 肺动脉狭窄 B. 室间隔缺损 C. 房间隔缺损 D. 右位心”

我们需要选择最可能的诊断。分析：
- 患儿10岁，发育正常，无明显症状，提示可能是相对较轻的先天性心脏病。
- 听诊：胸骨左缘第2、3肋间2级收缩期杂音。这是典型的房间隔缺损（继发孔型）听诊位置和特征（相对性肺动脉瓣狭窄产生的喷射性收缩期杂音，通常不响亮）。
- 心电图：右心室肥厚及不完全性右束支传导阻滞。房间隔缺损典型心电图表现为电轴右偏、不完全性或完全性右束支传导阻滞（呈右心室容量负荷过重图形），右心室肥厚。
- 鉴别：
  A. 肺动脉狭窄：听诊在胸骨左缘第2肋间有响亮的收缩期杂音，常伴震颤，肺动脉瓣第二音减弱。心电图可示右心室肥厚，但典型杂音更响，且常有症状，但轻度可能无症状。但肺动脉狭窄通常不会有典型的“不完全性右束支传导阻滞”作为突出特征，虽然可有右室肥厚。而房间隔缺损典型ECG是不完全性右束支传导阻滞，因为右心室流出道和室上嵴肥厚。
  B. 室间隔缺损：杂音通常在胸骨左缘第3、4肋间，全收缩期粗糙杂音。心电图正常或左室肥厚，或双室肥厚，而不是单纯右室肥厚和不完全右束支阻滞。
  C. 房间隔缺损：胸骨左缘第2、3肋间收缩期杂音，心电图不完全性右束支传导阻滞，右心室肥厚，符合。
  D. 右位心：心电图有特征性改变（如I导联P波、QRS波倒置，胸前导联R波递减等），而不是单纯右室肥厚和不完全右束支阻滞，且听诊无特异性杂音。

所以最可能的诊断是房间隔缺损。答案选C。"
23岁，农民，因发热、头痛、全身酸痛、软弱无力1周，于9月4日入院。当天起出现心慌、气促、体温39.6℃体检：面色苍白，腓肠肌压痛，心率124/min，呼吸36/min。肺部散在湿性啰音。血象：血白细胞计数9.0×109/L，中性粒细胞0.76，淋巴细胞0.24，X线片示：两肺纹理增多，有散在性点状阴影。本病例诊断最可能是（　　）。,"{'A': '粟粒性肺结核', 'B': '支气管肺炎', 'C': '流行性出血热', 'D': '钩端螺旋体病'}",D,D,True,"我们被问到：“23岁，农民，因发热、头痛、全身酸痛、软弱无力1周，于9月4日入院。当天起出现心慌、气促、体温39.6℃体检：面色苍白，腓肠肌压痛，心率124/min，呼吸36/min。肺部散在湿性啰音。血象：血白细胞计数9.0×109/L，中性粒细胞0.76，淋巴细胞0.24，X线片示：两肺纹理增多，有散在性点状阴影。本病例诊断最可能是（　　）。”

选项：A. 粟粒性肺结核 B. 支气管肺炎 C. 流行性出血热 D. 钩端螺旋体病

我们需要分析病例特征并选择最可能的诊断。

患者：23岁农民，9月4日入院（夏秋季）。发热、头痛、全身酸痛、软弱无力1周。现在出现心慌、气促，体温39.6℃。体检：面色苍白，腓肠肌压痛，心率124，呼吸36。肺部湿啰音。血象：白细胞9.0×10^9/L（正常或略高），中性0.76，淋巴0.24。X线：两肺纹理增多，散在点状阴影。

关键特征：
- 农民，9月份（钩端螺旋体病流行季节，夏秋季）。
- 发热、全身酸痛、腓肠肌压痛（这是钩端螺旋体病典型表现，即“腓肠肌压痛”）。
- 面色苍白，心慌、气促，心率快，呼吸快，肺部啰音，X线有点状阴影（提示肺出血或肺弥漫性出血？钩端螺旋体病可引起肺出血）。
- 白细胞不高，中性为主。
- 头痛、全身酸痛，软弱无力。

鉴别：
A. 粟粒性肺结核：通常起病较缓，有结核中毒症状，X线呈粟粒状阴影（均匀分布），但患者急性起病，腓肠肌压痛不典型，且无结核病史。
B. 支气管肺炎：可以有发热、肺部湿啰音，但腓肠肌压痛不特异，且支气管肺炎通常咳嗽咳痰明显，这里没强调。
C. 流行性出血热：可以有发热、头痛、全身酸痛，但常有“三痛”（头痛、腰痛、眼眶痛）、“三红”（面红、颈红、胸红），还有肾功能损害，血小板减少等，腓肠肌压痛不是特征性表现。流行性出血热通常有白细胞升高，甚至出现异型淋巴细胞。而该患者白细胞正常，淋巴0.24，无肾损害表现。
D. 钩端螺旋体病：农民，9月，发热，腓肠肌压痛，肺出血（心慌气促，肺部啰音，X线点状阴影），符合钩端螺旋体病肺出血型或流感伤寒型。面色苍白提示贫血？钩体病可有肺弥漫性出血，咯血，但这里没说咯血，但点状阴影可能肺出血。

因此最可能是D.钩端螺旋体病。

答案选D。"
5．接种方法为口服（　　）。,"{'A': '卡介苗', 'B': '乙型脑炎疫苗', 'C': '脊髓灰质炎疫苗', 'D': '百日咳-白喉-破伤风混合疫苗'}",C,C,True,我们被问到：“接种方法为口服（ ）。”选项：A. 卡介苗 B. 乙型脑炎疫苗 C. 脊髓灰质炎疫苗 D. 百日咳-白喉-破伤风混合疫苗。我们需要选择接种方法为口服的疫苗。脊髓灰质炎疫苗（脊灰疫苗）有口服的（OPV，减毒活疫苗）和注射的（IPV，灭活疫苗），但在中国免疫规划中，传统上提到“口服”疫苗通常是指脊髓灰质炎减毒活疫苗（糖丸或滴剂）。卡介苗是皮内注射。乙脑疫苗是皮下注射。百白破疫苗是肌肉注射。因此正确答案是C。题目要求只回答选项字母。
急性肾炎限盐饮食每日供盐（　　）。,"{'A': '2～3g', 'B': '1～2g', 'C': '0.5～1g', 'D': '3～4g'}",B,B,True,"我们被问到：""医学问题：急性肾炎限盐饮食每日供盐（　　）。选项：A. 2～3g B. 1～2g C. 0.5～1g D. 3～4g""。我们需要选择正确的每日食盐摄入量用于急性肾炎的限盐饮食。

急性肾炎通常指急性肾小球肾炎。在急性肾炎患者中，通常有水肿、高血压和少尿等症状。饮食管理包括限制钠盐摄入以控制水肿和高血压。根据内科学和临床营养学知识，急性肾炎患者应根据病情轻重给予低盐饮食或无盐饮食。通常，低盐饮食每日食盐摄入量在2-3克或<3克，严重者短期无盐饮食（钠<0.5g）。但具体到急性肾炎的限盐饮食，教材常提及：""急性期应限制盐的摄入，每日食盐量在1～2g，严重病例采用无盐饮食。"" 或者有的标准是：水肿明显、高血压者，每日供盐应控制在2-3g以下。但我需要回忆确切数字。

让我们查阅常见临床指南或教材：对于急性肾小球肾炎，饮食治疗：有水肿和高血压者应限制钠盐摄入，一般食盐每日1～3g，严重者短期内给无盐饮食（钠摄入量<0.5g/d）。在很多内科学中，急性肾炎限盐每日食盐量是2～3g或1～2g？我记得儿科或内科教材：急性肾炎水肿、高血压者，食盐每日1～2g。例如，《儿科学》提到：急性肾炎，水肿、高血压时，限制食盐摄入，每日食盐1～2g。也有说每日食盐量<3g。选项中A 2-3g，B 1-2g，C 0.5-1g，D 3-4g。最可能的是A或B。通常低盐饮食指每日食盐<2g或2-3g？我们需要精确。

在第九版《内科学》中，急性肾小球肾炎治疗：""急性期应卧床休息，待肉眼血尿消失、水肿消退、血压恢复正常后逐步增加活动。水肿、高血压者应限制钠盐摄入（<3g/d），肾功能正常者蛋白质入量保持正常，但有氮质血症时应限制蛋白质摄入。"" 所以有时写每日食盐<3g，即大约2～3g范围，或具体为2～3g。也有教材说急性肾炎食盐控制在1～2g/d。查常见题库，题目""急性肾炎限盐饮食每日供盐""通常答案是""1～2g""还是""2～3g""？其实很多护理类或临床题目：""急性肾炎患者饮食中食盐摄入量应限制在"" 选项常有2～3g、1～2g等，答案常为1～2g，因为严重水肿时无盐饮食，轻中度则1～2g。但我们需要核实。

让我们思考：临床上低盐饮食通常指每日食盐<2g或2-3g？确切地说，低盐饮食为每日供给食盐2～3g或钠<2g。但针对急性肾炎的限盐，教科书常具体为""每日食盐量在1～2g""（比如《内科护理学》）。查找记忆：急性肾炎应限制钠盐摄入，食盐量一般每日1～3g，严重者无盐。如果选项中有1-2和2-3，可能需要选择更严格的？等待，急性肾炎往往有水肿和高血压，需要较严格限盐。有些资料写：每日食盐<3g，或2～3g。但为了准确，我们看这道题的常见考法。

我在医学考试题库中见过类似题：""急性肾炎限盐饮食每日供盐量是 A. 6～8g B. 3～4g C. 2～3g D. 1～2g E. 0.5～1g"" 答案常为1～2g。还有一题：""急性肾炎患者给予低盐饮食，每日食盐量应控制在 A.1～2g B.2～3g C.3～4g D.4～5g"" 答案选A.1～2g。另一个：""急性肾小球肾炎的饮食护理中，每日食盐摄入量不超过 A.2g B.3g C.4g..."" 有的写3g，有的写1～2g。需要结合具体语境。通常急性肾炎限盐饮食是低盐饮食，低盐饮食的定义是每日食盐量2～3g。但有些教材将低盐饮食定为<2g，无盐饮食为<0.5g。需查证权威。

根据《临床营养学》或《内科护理学》常见定义：低盐饮食：每日可用食盐不超过2g（或2～3g？）。实际上，2002版《中国居民膳食指南》及临床饮食，低盐饮食通常指每日食盐摄入量在2～3g。但急性肾炎严重水肿高血压时，可能更严格为1～2g。我们再查儿科学急性肾小球肾炎：限制钠盐摄入，食盐每日1～2g。内科学肾内科教材：急性肾炎饮食：限盐，每日食盐2～3g。这存在差异。我们需要依据出题者常见来源。通常医学考试中，这一题往往答""1～2g""或""2～3g""。我回忆：在多数护理学考试中，关于急性肾炎的限盐，答案：每日食盐量应低于3g，即选项2～3g。但选项中有1～2g和2～3g。有没有更常见的题：""急性肾炎限盐饮食每日供盐"" 在百度题库中有道题：急性肾炎限盐饮食每日供盐 (  ) A.2～3g B.1～2g C.0.5～1g D.3～4g 答案是B。我找到一些记忆：""医学问题：急性肾炎限盐饮食每日供盐（）A.2～3g B.1～2g C.0.5～1g D.3～4g"" 有网页显示答案：B。或有些显示为A。让我更严谨地推敲。

通常急性肾小球肾炎的治疗原则里，若水肿明显、血压高，食盐限制在1～2g/d，严重时无盐饮食。如果考题为单选题，选择1～2g还是2～3g？选项中有C.0.5～1g那是无盐饮食或极低盐，不如1～2g常见。D.3～4g偏多。A和B之间。我查阅第九版《内科学》教材：急性肾小球肾炎的治疗：“急性期应卧床休息，直至肉眼血尿消失、水肿消退及血压恢复正常。水肿明显及高血压者应限制钠盐摄入（<3g/d）。肾功能正常者蛋白质摄入量保持正常...”。也就是说食盐量<3g/d，那么2～3g/d符合小于3克吗？严格说2～3g可能包含3g，但临床通常说2～3g。许多选择题明确答案是用2～3g。然而有的教材描述低盐为<2g。比如《内科护理学》对急性肾炎饮食护理：“给予低盐饮食，每日食盐<2g，严重水肿或高血压者则需无盐饮食。”因此1～2g更符合<2g。所以存在分歧。

让我们用逻辑推断：急性肾炎要求严格限制钠摄入，但一般不是极严格的无盐饮食，除非严重。题目只说“急性肾炎限盐饮食”，没提严重程度，一般指常规限盐。通常常规限盐为低盐饮食（每日2～3g食盐）。但急性肾炎也许因为常伴水肿高血压，所以更严格？在《实用内科学》或《肾脏病学》中，急性肾炎饮食：钠盐限制在每天2～3g，严重病例短期限在1g以下或无盐。由此可见，一般限盐是2～3g。如果题目问“急性肾炎限盐饮食每日供盐”，许多中文题库曾出现，我有印象答案是A（2～3g）还是B（1～2g）？我快速检索脑内题库：有一道题目“急性肾炎限盐饮食每日供盐（）选项：A.2~3g B.1~2g C.0.5~1g D.3~4g”，答案常选A。同时也存在另一类似题“急性肾小球肾炎患儿限盐饮食每日供盐（）A.2~3g B.1~2g C.0.5~1g D.3~4g”，儿科答案通常是1~2g。因为儿科剂量更小？而本题未指明成人还是儿童，但“急性肾炎”通常包含成人和儿童。如果是儿科学题，选B。如果是内科学题，可能选A。需要看主流。

为了确认，我回忆中国护士执业资格考试或考研西医综合真题。有一道真题： “急性肾炎患者饮食中，每日食盐量应控制在 A.3～4g B.2～3g C.1～2g D.0.5～1g E.无盐饮食” 答案可能为C。但我不确定。我可以思考临床实践：对于急性肾小球肾炎水肿高血压，一般嘱“低盐饮食”，即每天食盐约2～3g。如果是严重，则1～2g。考虑到选项中有0.5～1g（更严格的无盐饮食），可能题目指一般情况。在多项选择题考试中，有些资料指出“急性肾炎患者限盐饮食每日供盐量为1～2g”，而“慢性肾炎患者限盐饮食每日供盐量为2～3g”。有这个说法。我记得急性肾炎常要求1～2g，慢性肾炎无水肿高血压时不需要严格限盐。因此急性肾炎限盐更严格。我倾向于1～2g。再看看选项C 0.5～1g是严重水肿无盐饮食的量。所以常规应该是1～2g。很多网络医学问题：题目“急性肾炎限盐饮食每日供盐”，题库中答案多显示为B. 1～2g。例如在“上学吧”或“百度知道”中的题目。我也能推理：教材说“水肿、高血压者应限制钠盐摄入（<3g/d）”，但严重者需无盐饮食。一般轻度水肿，可能2～3g，但急性肾炎通常有明显水肿和高血压，所以更严格1～2g。综合考虑，选B。

我需要更加确认。检索脑海中的《内科学（第九版）》原文：“急性期应卧床休息...水肿明显及高血压者应限制钠盐摄入（<3g/d）。” 并没有说1～2g。但是<3g/d可以是2～3g之间（但不包括3）。选项A是2～3g，包含3g。所以严格来说，<3g并不包括3g。但临床常把2～3g作为低盐饮食。另一本教材《内科护理学（第6版）》：急性肾小球肾炎“低盐饮食（<3g/d）”。如果理解为每天食盐量少于3克，那么1～2克和2～3克的部分重叠但A的表述2～3g上限是3g，可能不符合<3g。而B的1～2g上限是2g，符合<3g。此外，有些书将低盐饮食定义为每日食盐<2g，严重者无盐。故1～2g或无盐。显然有差异。但从常见考题看，急性肾炎限盐多选1～2g。我查到一个准确记忆：在2011年护士执业资格考试题目：“急性肾小球肾炎患儿，饮食中食盐摄入量应控制在 A.每日0.5～1g B.每日1～2g C.每日2～3g D.每日3～4g”，答案是B。急性肾炎成人也是同样，例如某三基题库：急性肾炎限盐饮食每日供盐量是：1～2g。所以答案应该是B。

因此，我选B。"
合并双侧肾动脉狭窄的高血压患者降压不宜首选（　　）。,"{'A': 'β受体阻断药', 'B': '血管紧张素转换酶抑制剂', 'C': '利尿药', 'D': 'α受体阻断药'}",B,B,True,"我们被问到：“合并双侧肾动脉狭窄的高血压患者降压不宜首选（ ）。” 选项：A. β受体阻断药 B. 血管紧张素转换酶抑制剂 C. 利尿药 D. α受体阻断药。我们需要选择不宜首选的药物。

医学知识：双侧肾动脉狭窄是使用血管紧张素转换酶抑制剂（ACEI）和血管紧张素II受体阻滞剂（ARB）的禁忌症。因为在这种情况下，肾小球滤过率依赖于血管紧张素II介导的出球小动脉收缩来维持。使用ACEI或ARB会阻断这个机制，导致急性肾功能衰竭。因此，对于双侧肾动脉狭窄，不宜使用ACEI或ARB。问题中选项B是血管紧张素转换酶抑制剂（ACEI）。因此答案是B。

我们只需回答选项字母。"
X线胸片诊断慢性肺源性心脏病的主要依据，下列哪项不符合？（　　）,"{'A': '右心室扩大', 'B': '肺动脉段突出，其高度≥5mm', 'C': '右下肺动脉干横径≥15mm', 'D': '右下肺动脉干横径与气管横径之比≥1.07'}",B,B,True,"我们被问到：“X线胸片诊断慢性肺源性心脏病的主要依据，下列哪项不符合？”选项是A、B、C、D。我们需要找出哪一项不是诊断慢性肺源性心脏病（慢性肺心病）的X线胸片主要依据。

慢性肺源性心脏病（慢性肺心病）是由于肺组织、肺血管或胸廓的慢性病变引起肺组织结构和功能异常，导致肺血管阻力增加，肺动脉压力增高，使右心扩张、肥厚，伴或不伴右心衰竭的心脏病。X线胸片是诊断的重要方法之一。

我们需要回忆慢性肺心病X线诊断标准。通常包括：右下肺动脉干扩张，其横径≥15mm；右下肺动脉干横径与气管横径比值≥1.07；肺动脉段明显突出或其高度≥3mm（或≥5mm？需要考证）；右心室扩大征等。

让我核对标准：
根据《内科学》教材或相关临床指南，慢性肺源性心脏病X线诊断依据：
1. 右下肺动脉干扩张：横径≥15mm；或右下肺动脉横径与气管横径比值≥1.07；或经动态观察较原右下肺动脉干增宽2mm以上；
2. 肺动脉段中度凸出或其高度≥3mm；
3. 中心肺动脉扩张和外围分支纤细形成鲜明对比；
4. 圆锥部显著凸出（右前斜位）或“锥高”≥7mm；
5. 右心室增大。

注意选项B：“肺动脉段突出，其高度≥5mm”。我记得标准是肺动脉段突出高度≥3mm，不是≥5mm。可能是≥3mm为符合。所以B项“≥5mm”可能是不符合的，因为把标准提高了？或者有些标准是≥3mm，有些说是≥5mm？我需要确认。

在慢性肺心病的X线诊断标准中，肺动脉段突出的标准：后前位肺动脉段突出高度≥3mm。右前斜位圆锥部凸出高度≥7mm。所以如果选项B写的是“≥5mm”，这不是标准，标准是≥3mm。因此B项不符合诊断依据？但需仔细判断：“下列哪项不符合”，意思可能是“哪一项不是诊断的主要依据”，即B项的标准数值不对，所以不符合。

另外检查C：“右下肺动脉干横径≥15mm”，这是对的。
D：“右下肺动脉干横径与气管横径之比≥1.07”，这也是对的。
A：“右心室扩大”，也是对的。

但是否有记忆错误？有些书籍写肺动脉段突出≥3mm。也有说肺动脉段膨隆，高度≥5mm？我印象中慢性肺心病PA段突出是≥3mm为阳性征象。让我们确认一下：在《内科学》人卫版中，慢性肺心病X线：肺动脉段突出，其高度≥3mm。如果是≥5mm可能不符合标准。还有没有其他可能？有时有的选项把数值记错，所以B是不符合的。

我们也可以从另一个角度，可能A、C、D都是正确的，B因数值5mm不符合。所以答案应该是B。"
胺碘酮的药理作用是（　　）。,"{'A': '增加心肌耗氧量', 'B': '明显延长心肌不应期', 'C': '加快心肌传导', 'D': '收缩冠状动脉'}",B,B,True,"我们被问到：""医学问题：胺碘酮的药理作用是（ ）。"" 选项：A. 增加心肌耗氧量 B. 明显延长心肌不应期 C. 加快心肌传导 D. 收缩冠状动脉。我们需要选择最合适的答案，只回答字母。

胺碘酮是III类抗心律失常药，主要作用是延长动作电位时程和不应期，对心肌传导也有一定影响，但主要特征是延长不应期。它是多通道阻滞剂，延长心房、心室和房室旁路的不应期，减慢传导，但不加快传导。它不增加心肌耗氧量，反而可能降低，对冠状动脉有扩张作用，不是收缩。所以明显延长心肌不应期是正确的。因此答案为B。"
心身疾病的治疗原则，不包括（　　）。,"{'A': '自我心理调节', 'B': '矫正不良习惯', 'C': '不间断发泄', 'D': '心理护理'}",C,C,True,"我们被问到：“心身疾病的治疗原则，不包括（　　）。” 选项：A. 自我心理调节，B. 矫正不良习惯，C. 不间断发泄，D. 心理护理。

我们需要选择不包括的一项。心身疾病（psychosomatic diseases）是指心理社会因素在疾病发生、发展、治疗和预防中起重要作用的一类躯体疾病。治疗原则通常包括心理治疗、药物治疗、行为矫正、自我调节、心理护理等。不间断发泄（continuous venting）并不是一个推荐的治疗原则，因为长期或过度的发泄可能不利于健康，甚至强化负面情绪。通常提倡适当的情绪表达和调节，而不是不间断发泄。因此C选项很可能是不包括的。

确认：心身疾病的治疗原则包括：心理干预（如认知行为疗法、放松训练）、自我心理调节、矫正不良生活习惯、心理护理、药物治疗等。不间断发泄不是公认原则，可能有害。所以答案是C。"
有一名12岁男孩，全头型帽状筋膜下血肿，首选的治疗措施是（　　）。,"{'A': '加压包扎，静脉滴注止血药物', 'B': '待其自行吸收，静脉滴注止血药物', 'C': '穿刺抽血+加压包扎', 'D': '切开引流+加压包扎'}",C,C,True,"我们被问到：""有一名12岁男孩，全头型帽状筋膜下血肿，首选的治疗措施是（　　）。"" 选项：A. 加压包扎，静脉滴注止血药物；B. 待其自行吸收，静脉滴注止血药物；C. 穿刺抽血+加压包扎；D. 切开引流+加压包扎。

我们需要确定帽状筋膜下血肿（subgaleal hematoma）的处理。帽状腱膜下血肿是发生在帽状腱膜与骨膜之间的潜在腔隙内的出血。这个腔隙疏松，可以容纳大量血液，尤其在儿童中可能导致失血性休克。常见于产伤（新生儿）或头部外伤（包括轻微的，如梳头、牵拉头发等）。青少年也可能发生。

对于帽状筋膜下血肿，如果血肿较小，可以自行吸收。但题目描述是""全头型帽状筋膜下血肿""，意味着血肿大？或者全头型表示广泛的血肿。由于儿童血容量小，大量帽状筋膜下血肿可能导致休克或贫血。治疗原则：通常小的可以等待自行吸收。大的、广泛的血肿，可能需要穿刺抽吸血肿并加压包扎，以防止再出血和促进愈合。切开引流适用于感染或血肿凝固无法抽吸的情况？但首选通常不是切开引流。加压包扎和止血药物？如果血肿很大，单纯加压包扎可能不够。通常处理是：如果有活动性出血，可能需要止血；大的血肿，为预防感染和吸收缓慢，可以穿刺抽吸后加压包扎。新生儿帽状腱膜下血肿如果进行性增大，需要输血和止血等，但该儿童12岁，全头型可能意味着血肿弥漫整个头部。需要根据外科学或儿科学知识判断。

回忆相关知识：头皮血肿分为皮下血肿、帽状腱膜下血肿和骨膜下血肿。帽状腱膜下血肿因该层组织疏松，可蔓延至全头部，小儿及体弱者可导致休克或贫血。处理：较小的血肿早期冷敷、加压包扎，24-48小时后热敷，待其自行吸收。若血肿巨大（如全头型），可在严格无菌条件下穿刺抽吸，并加压包扎。切开引流通常用于已有感染者。所以首选治疗措施对于全头型帽状筋膜下血肿，应该是穿刺抽血+加压包扎。选项C。

但还需要确认：有些指导说儿童帽状腱膜下血肿如范围广泛，为预防贫血和感染，可在严密消毒下穿刺抽吸，然后加压包扎。所以C是首选的。A：加压包扎+止血药物可能用于较小的或早期，但全头型通常需要抽吸。B：待自行吸收不适合巨大的血肿，因为可能引起贫血、休克或继发感染。D：切开引流并非首选，除非有明确感染或血肿机化。因此选C。

答案：C"
下列哪项为右侧胸髓损伤的主要表现？（　　）,"{'A': '左下肢瘫，右侧损伤平面以下痛温觉障碍', 'B': '右下肢瘫及深感觉障碍，左侧损伤平面以下痛温觉障碍', 'C': '右下肢瘫、膝腱反射消失、Barbinski征（－）', 'D': '左下肢瘫，右侧损伤平面以下痛温觉障碍'}",B,B,True,"我们被问到：""下列哪项为右侧胸髓损伤的主要表现？"" 选项有A、B、C、D。需要分析右侧胸髓损伤的表现。这涉及到脊髓解剖和脊髓损伤综合征。

胸髓（胸段脊髓）损伤，我们需要考虑哪些传导束受损。脊髓右侧损伤，通常会导致：
- 右侧损伤平面以下的上运动神经元瘫痪（皮质脊髓侧束在延髓交叉，所以在损伤同侧下行，损伤同侧肢体瘫痪）
- 右侧损伤平面以下的深感觉（本体感觉、振动觉）障碍，因为后索（薄束、楔束）在同侧上行，在延髓交叉。
- 左侧损伤平面以下的痛温觉障碍，因为脊髓丘脑束在进入脊髓后很快交叉到对侧上行，所以损伤对侧痛温觉障碍。
- 损伤平面可有节段性症状。

这实际上是脊髓半切综合征（Brown-Séquard syndrome）的表现：同侧损伤平面以下上运动神经元瘫痪和深感觉障碍，对侧损伤平面以下痛温觉障碍。

现在看选项：
A. 左下肢瘫，右侧损伤平面以下痛温觉障碍 —— 这和右侧损伤不符，右侧损伤应该是右下肢瘫，左侧痛温觉障碍。
B. 右下肢瘫及深感觉障碍，左侧损伤平面以下痛温觉障碍 —— 这完美符合右侧胸髓半切损伤。
C. 右下肢瘫、膝腱反射消失、Barbinski征（－） —— 膝腱反射消失和Babinski征阴性提示下运动神经元损伤或脊髓休克？但胸髓损伤的上运动神经元瘫应该有Babinski征阳性，膝腱反射亢进。这里反射消失和Babinski阴性更像是周围神经或急性休克期，但通常作为主要表现不是这样。而且没有提到对侧感觉障碍。所以不像典型的右侧胸髓损伤的主要表现。
D. 左下肢瘫，右侧损伤平面以下痛温觉障碍 —— 这是左侧胸髓损伤的表现（如果左下肢瘫，右侧痛温觉障碍），不是右侧。

因此B正确。

答案选B。"
下列哪项不属于医师在执业活动中应当履行的法定义务？（　　）,"{'A': '恪守职业道德', 'B': '参与所在机构的民主管理', 'C': '遵守技术操作规范', 'D': '宣传卫生保健知识'}",B,B,True,"我们被问到：""下列哪项不属于医师在执业活动中应当履行的法定义务？"" 选项：A. 恪守职业道德，B. 参与所在机构的民主管理，C. 遵守技术操作规范，D. 宣传卫生保健知识。

这涉及《中华人民共和国执业医师法》或相关法规。根据《执业医师法》第二十二条，医师在执业活动中履行下列义务：
（一）遵守法律、法规，遵守技术操作规范；
（二）树立敬业精神，遵守职业道德，履行医师职责，尽职尽责为患者服务；
（三）关心、爱护、尊重患者，保护患者的隐私；
（四）努力钻研业务，更新知识，提高专业技术水平；
（五）宣传卫生保健知识，对患者进行健康教育。

而参与所在机构的民主管理是医师的权利吗？《执业医师法》第二十一条规定了医师的权利，其中包括“对所在机构的医疗、预防、保健工作和卫生行政部门的工作提出意见和建议，依法参与所在机构的民主管理”。所以“参与所在机构的民主管理”是权利，不是义务。因此B不属于义务。

正确答案是B。"
新生儿开始排便的时间常为生后（　　）。,"{'A': '24小时', 'B': '36小时', 'C': '48小时', 'D': '72小时'}",A,A,True,"我们被问到：""新生儿开始排便的时间常为生后（　　）。"" 选项：A. 24小时，B. 36小时，C. 48小时，D. 72小时。需要选择最合适的答案。

根据医学知识，正常足月新生儿通常在出生后24小时内排出胎便（第一次大便）。如果超过24小时未排便，应检查是否存在消化道畸形如先天性巨结肠或肛门闭锁等。所以最常见的时间是生后24小时内。因此答案应为A. 24小时。

我会回答A。"
下列不符合B细胞表位特性的是（　　）。,"{'A': '表位受体是BCR', 'B': '仅为线性表位', 'C': '属天然表位', 'D': '无需MHC分子'}",B,B,True,"我们被问到：""下列不符合B细胞表位特性的是（ ）。"" 选项是：
A. 表位受体是BCR
B. 仅为线性表位
C. 属天然表位
D. 无需MHC分子

我们需要找出哪一个选项不符合B细胞表位特性。

首先，回忆B细胞表位（B cell epitope）的特性。B细胞表位是抗原分子中被B细胞受体（BCR）或抗体识别的部分。它们可以是线性表位（连续的氨基酸序列）或构象表位（不连续的氨基酸，通过蛋白质折叠聚集在一起）。B细胞表位通常位于抗原表面，是天然的（天然表位），无需MHC分子提呈，直接由BCR识别。而T细胞表位是线性表位，必须经过MHC分子提呈。

因此，B细胞表位不仅仅是线性表位，还有构象表位。所以选项B ""仅为线性表位"" 不符合B细胞表位特性。

确认其他选项：
A：表位受体是BCR - 正确。
C：属天然表位 - B细胞表位通常识别天然构象抗原，正确。
D：无需MHC分子 - B细胞识别不需要MHC，正确。

所以不符合的是B。

答案：B"
女，40岁，反复手关节痛1年，曾诊断为类风湿关节炎，间断使用理疗和非甾体抗炎药，症状有缓解。近月来低热，关节痛加重，肘后出现多个皮下结节，检查ESR40mm/h，心脏彩超发现小量心包积液，考虑为类风湿关节炎活动。1．下列哪项为对疾病活动诊断最有意义的检查?（　　）,"{'A': 'C反应蛋白', 'B': '心包积液病理', 'C': '类风湿因子滴度', 'D': '补体'}",A,A,True,"我们被问到：“女，40岁，反复手关节痛1年，曾诊断为类风湿关节炎，间断使用理疗和非甾体抗炎药，症状有缓解。近月来低热，关节痛加重，肘后出现多个皮下结节，检查ESR40mm/h，心脏彩超发现小量心包积液，考虑为类风湿关节炎活动。1．下列哪项为对疾病活动诊断最有意义的检查?（　　）”

选项：
A. C反应蛋白
B. 心包积液病理
C. 类风湿因子滴度
D. 补体

患者已确诊为类风湿关节炎，目前考虑活动期。问对“疾病活动诊断最有意义的检查”。我们知道类风湿关节炎的活动性评估常用的血清学指标包括血沉(ESR)、C反应蛋白(CRP)、类风湿因子(RF)滴度等。题目中已测ESR为40mm/h，考虑活动。问最有意义的检查？CRP是急性时相反应蛋白，可以反映炎症活动，且比ESR更敏感，不易受其他因素影响。RF滴度也可反映活动性，但RF特异性不高，且与活动性相关性不如CRP？需查阅类风湿关节炎活动性评估标准。通常DAS28评分包括CRP或ESR。对疾病活动诊断最有意义的检查：在类风湿关节炎活动期，CRP比RF滴度更直接反映炎症。补体在类风湿关节炎中通常不降低（除了血管炎时可能降低？），且补体多用于狼疮活动。心包积液病理为侵入性检查，且不常用于评估疾病活动。所以，最可能的答案是C反应蛋白。但需要确认：题目中已诊断RA，现怀疑活动，问对疾病活动诊断最有意义的检查。我们想想内科学教材：类风湿关节炎活动性指标包括：血沉加快、C反应蛋白升高、类风湿因子滴度升高、血小板升高等。其中，CRP是较特异反映炎症活动的指标。在一些题目中，类风湿关节炎活动期最有意义的实验室检查常选C反应蛋白或血沉，但题目已给ESR，而C反应蛋白可能更有意义。还有一道类似题：“对判断类风湿关节炎活动性最有意义的检查是？”常见答案：C反应蛋白。或者“类风湿因子滴度”也可能是答案，但类风湿因子滴度与活动性不完全平行。我们搜索记忆：在医学考试中，评估类风湿关节炎活动性最有意义的是CRP和ESR，但有时强调CRP比ESR更敏感。另外，皮下结节（类风湿结节）常见于活动期和高滴度RF患者，所以RF滴度也与疾病活动相关。然而，本题中肘后出现多个皮下结节，是RA活动的特征。但问题问的是“对疾病活动诊断最有意义的检查”，选项中有CRP和类风湿因子滴度。需要区分：RF滴度与疾病活动性相关，但CRP和ESR是急性时相反应物，直接反映炎症活动，常被用于活动性判断。在类风湿关节炎活动期诊断标准中，急性炎症反应物升高是标准之一。综合来看，可能选A. C反应蛋白。但也有可能选C，因为类风湿结节与高滴度RF相关。我们查阅临床指南：2010年ACR/EULAR类风湿关节炎分类标准，活动性评估用DAS28包含ESR或CRP。所以最常用的活动性标志是ESR和CRP。题目中ESR已做，为40mm/h（高于正常，但正常值通常<20，提示活动）。又问对疾病活动诊断最有意义的检查，也许CRP能进一步确认。心包积液病理：类风湿关节炎的心包积液通常是非特异的炎症，病理不一定能明确RA活动，且为有创检查。补体一般不作为RA活动指标，通常用于SLE。所以排除B和D。在A和C之间：C反应蛋白是直接反映炎症活动的指标，对判断RA活动有重要意义。而类风湿因子滴度虽然也与活动相关，但部分患者RF始终阴性或滴度变化不大，且特异性不如CRP。通常教材指出：RA活动期常有CRP升高和ESR增快，这两项是评估活动性的常用指标。题目中已提到“ESR40mm/h”，那么“对疾病活动诊断最有意义的检查”可能是C反应蛋白。有很多真题类似的考法：如“判断类风湿关节炎活动性最常用的实验室指标是？”答案常选“C反应蛋白”或“血沉”。既然ESR已经做了，可能CRP是更好的补充。但选项不排斥重复，也可能选C反应蛋白。我认为答案是A。"
患儿，3岁，眼睑及双下肢明显浮肿，少尿1周。查体：精神状态尚好，眼睑浮肿，双下肢呈凹陷性水肿，血压90/60mmHg，心肺正常。尿常规：蛋白质（+++），红细胞0～3个/HP。血浆总蛋白45g/L，清蛋白22g/L。抗“O”正常，C3补体正常，胆固醇11.2mmol/L。3．该患儿治疗应选（　　）。,"{'A': '泼尼松短程疗法', 'B': '甲泼尼龙冲击疗法', 'C': '泼尼松长程疗法', 'D': '泼尼松中程疗法'}",A,D,False,"我们有一个3岁儿童，出现眼睑和双下肢明显浮肿，少尿1周。查体：精神状态好，眼睑浮肿，双下肢凹陷性水肿，血压90/60mmHg，心肺正常。尿常规：蛋白（+++），红细胞0-3/HP。血浆总蛋白45g/L，清蛋白22g/L。抗“O”正常，C3补体正常，胆固醇11.2mmol/L。

这是典型的肾病综合征表现：大量蛋白尿（+++），低蛋白血症（总蛋白45，清蛋白22），高脂血症（胆固醇11.2），水肿。同时没有明显血尿（红细胞0-3），血压正常，抗“O”和C3正常，提示为单纯性肾病。患儿3岁，学龄前儿童，单纯性肾病综合征。

题目问：该患儿治疗应选？
选项：
A. 泼尼松短程疗法
B. 甲泼尼龙冲击疗法
C. 泼尼松长程疗法
D. 泼尼松中程疗法

根据儿科肾病综合征的治疗指南，初治单纯性肾病通常采用泼尼松中、长程疗法。国内常用中程疗法（6个月）和长程疗法（9个月）。短程疗法（8周）因为复发率高，已不推荐。甲泼尼龙冲击疗法用于难治性肾病或频繁复发的病例，而不是初治。

对于初治的单纯性肾病综合征，首选泼尼松中长程疗法。具体是中程还是长程呢？根据《诸福棠实用儿科学》或国内指南，初治病例通常采用中程疗法（6个月）或长程疗法（9个月），取决于初始反应和复发情况，但初始治疗通常是足量泼尼松2mg/kg/d分次服用，尿蛋白转阴后巩固2周，然后改为隔日晨顿服，逐渐减量，总疗程6-9个月（中程疗法6个月，长程疗法9个月）。很多标准答案里，单纯性肾病初治首选泼尼松中程疗法。有些教材说中长程疗法。选项里C和D分别是长程和中程。通常初治选择中程疗法。我需要确认。

常见考题：单纯性肾病初治首选泼尼松中程疗法（或长程疗法，根据教材版本不同）。但通常区分：短程疗法已淘汰，甲泼尼龙冲击用于难治性。泼尼松中程疗法是中国方案的标准之一。很多题目答案选“泼尼松中程疗法”。例如：初治肾病综合征首选泼尼松中程疗法（总疗程6个月）或长程疗法（9个月）。但有些指南推荐中程疗法（6个月）作为初治方案。我们看看这道题，可能更倾向于D泼尼松中程疗法。在儿科试题中，“单纯性肾病首选泼尼松中长程疗法”，如果选项分开，常选中程。因为短程淘汰，长程用于复发或中程后。但有些教材定义：中程疗法6个月，长程疗法9个月。对于初治，一般选中程。我来查记忆：在国内，肾病综合征初治推荐泼尼松中、长程疗法。有的教科书直接写“中程疗法”。这道题选项同时有长程和中程，一般来说，单纯性肾病初治选中程疗法。甲泼尼龙冲击用于难治性肾病或急进性肾炎等。所以答案应该是泼尼松中程疗法，即D。或者有些人认为选C？我们分析一下。国内儿科肾病综合征治疗：初始治疗用泼尼松，疗程6个月为中程，9个月为长程。根据2009年中华医学会儿科学分会肾脏病学组指南，初发NS的治疗：泼尼松中长程疗法，疗程6-9个月。其中建议先足量4周，然后巩固2周，改隔日4周，然后逐渐减量，总疗程6-9个月。如果区分中程和长程，很多选择题答案写“中长程疗法”，但具体到中程还是长程，可能因医院而异。但在某些经典试题中，答案是“泼尼松中程疗法”。例如，我记得有题目：“小儿肾病综合征，首选的治疗是？泼尼松中、长程疗法。”如果有长程和中程两个选项，一般选中程。但看一下：题目是“3．该患儿治疗应选”，可能这是第3问，前面可能有其他问题，但这里只给了这一问。我们只能根据这个信息推断。考虑到患儿3岁，初次发病，单纯性肾病，应该用泼尼松中程疗法。甲泼尼龙冲击疗法主要用于对激素耐药或频复发等。短程疗法已不用。所以我选D泼尼松中程疗法。

为了确保准确，再推演：肾病综合征初治标准方案是泼尼松中长程疗法。选项中没有“中长程”这个说法，只有短程、冲击、长程、中程。那么国内最常用的初治方案是中程疗法（6个月），也有长程疗法（9个月）。但是很多教材（比如人卫版《儿科学》）写道：初治病例首选泼尼松中程疗法；如中程疗法后复发，可考虑长程疗法。因此，该题答案可能是D。我查一下相关记忆：在儿科肾病综合征治疗中，泼尼松中程疗法是6个月，长程疗法是9个月。初治推荐中程疗法。所以选D。"
2．禽类B细胞分化成熟的场所（　　）。,"{'A': '骨髓', 'B': '脾脏', 'C': '法氏囊', 'D': '淋巴结'}",C,C,True,我们被问到：“禽类B细胞分化成熟的场所（ ）。” 选项：A. 骨髓 B. 脾脏 C. 法氏囊 D. 淋巴结。 这道题是免疫学中关于禽类（鸟类）B细胞成熟场所的知识。在哺乳动物中，B细胞在骨髓中分化成熟，但在禽类中，B细胞在法氏囊（bursa of Fabricius）中分化成熟。法氏囊是鸟类特有的淋巴器官。所以正确答案是C。
消化性溃疡患者发生夜间痛和背部放射痛最突出的是（　　）。,"{'A': '胃大弯溃疡', 'B': '幽门管溃疡', 'C': '十二指肠球后溃疡', 'D': '食管溃疡'}",C,C,True,"我们被问到：“消化性溃疡患者发生夜间痛和背部放射痛最突出的是（　　）。” 选项：A. 胃大弯溃疡；B. 幽门管溃疡；C. 十二指肠球后溃疡；D. 食管溃疡。

我们需要选出最合适的。消化性溃疡中，夜间痛是十二指肠溃疡的典型特征，而背部放射痛提示溃疡穿透到后壁，可能累及胰腺或其他后腹膜结构。十二指肠球后溃疡（postbulbar ulcer）是指发生在十二指肠球部之后的溃疡，通常位于降部，容易穿透到胰腺，引起剧烈疼痛，夜间痛和背部放射痛较突出。相比之下，胃大弯溃疡通常是慢性溃疡，恶性可能性大，不一定有夜间痛和背部放射痛；幽门管溃疡常导致幽门梗阻症状；食管溃疡通常与胃食管反流病相关，有吞咽痛等。所以十二指肠球后溃疡最符合。答案选C。"
侵蚀性葡萄胎与绒毛膜癌的主要不同为（　　）。,"{'A': '浸润肌层', 'B': '细胞明显增生和具异型性', 'C': '转移阴道结节', 'D': '有绒毛结构'}",D,D,True,"我们被问到：“医学问题：侵蚀性葡萄胎与绒毛膜癌的主要不同为（　　）。选项：A. 浸润肌层 B. 细胞明显增生和具异型性 C. 转移阴道结节 D. 有绒毛结构”

我们需要选择最合适的答案。侵蚀性葡萄胎（invasive mole）和绒毛膜癌（choriocarcinoma）都是妊娠滋养细胞疾病。侵蚀性葡萄胎的特征是水泡状胎块侵入子宫肌层，但仍有绒毛结构。绒毛膜癌则没有绒毛结构，由异常增生的细胞滋养细胞和合体滋养细胞组成，坏死和出血明显。两者的主要区别在于有无绒毛结构。所以答案是D。

根据病理学知识：侵蚀性葡萄胎与绒毛膜癌的主要区别是侵蚀性葡萄胎有绒毛结构，而绒毛膜癌无绒毛结构。其他选项如浸润肌层、细胞异型性、转移阴道结节两者均可出现。因此选D。"
以下哪项是膝腱反射的中枢？（　　）,"{'A': 'L1～3', 'B': 'T12～L2', 'C': 'L2～4', 'D': 'L5～S2'}",C,C,True,"我们被问到：“以下哪项是膝腱反射的中枢？”选项是A. L1～3, B. T12～L2, C. L2～4, D. L5～S2。需要选择正确的选项。

膝腱反射，即膝跳反射，是临床常用的深腱反射。它的反射弧中枢在脊髓的腰段，具体是股神经支配，其脊髓节段为L2～L4（主要是L3～L4）。经典知识：膝反射中枢在L2-4。正确答案是C。"
二尖瓣狭窄导致的变化哪项错误？（　　）,"{'A': '左心室肥大扩张', 'B': '左心房肥大扩张', 'C': '右心房肥大扩张', 'D': '肺淤血水肿'}",A,A,True,"我们被问到：""二尖瓣狭窄导致的变化哪项错误？"" 选项：A. 左心室肥大扩张 B. 左心房肥大扩张 C. 右心房肥大扩张 D. 肺淤血水肿。需要找出错误的选项。
二尖瓣狭窄（mitral stenosis）时，左心房血液流入左心室受阻，因此左心房压力增高，导致左心房肥大扩张。长期左心房压力增高会导致肺静脉压力增高，肺淤血水肿。随着病情进展，肺动脉压力增高，右心室后负荷增加，右心室肥大扩张，进而右心房也可能肥大扩张（右心衰竭时）。而左心室在单纯二尖瓣狭窄时，由于充盈减少，左心室不会肥大扩张，反而可能缩小或正常。因此左心室肥大扩张是错误的。所以错误的选项是A。"
5．孕36周出生，体重3200g被称为（　　）。,"{'A': '低出生体重儿', 'B': '极低出生体重儿', 'C': '早产儿', 'D': '巨大儿'}",C,C,True,"我们被问到：“孕36周出生，体重3200g被称为（　　）。” 选项：A. 低出生体重儿 B. 极低出生体重儿 C. 早产儿 D. 巨大儿。

需要分析。妊娠36周出生，这是早产（早产定义为妊娠不满37周，即<37周）。体重3200g。低出生体重儿定义为出生体重<2500g。极低出生体重儿为<1500g。巨大儿通常定义为出生体重≥4000g。所以3200g不属于低出生体重儿，也不属于巨大儿。但因为孕36周出生，属于早产儿。所以正确答案是C. 早产儿。注意：有时候根据体重和胎龄的关系，3200g对于36周来说可能是适于胎龄儿，但这道题问的是“被称为”，根据孕周是早产儿。因此选C。"
男，55岁。突发持续胸痛4小时。查体：BP 110／50mmHg，心率30次/分，律齐，心电图示急性下壁、右室心肌梗死，三度房室传导阻滞。为提高心室率应立即采取的治疗措施是（　　）。,"{'A': '静脉滴注异丙肾上腺素', 'B': '静脉滴注多巴酚丁胺', 'C': '静脉注射肾上腺素', 'D': '植入临时性心脏起复器'}",D,D,True,"我们被要求给出一个医学问题的答案。问题是：男，55岁。突发持续胸痛4小时。查体：BP 110/50mmHg，心率30次/分，律齐，心电图示急性下壁、右室心肌梗死，三度房室传导阻滞。为提高心室率应立即采取的治疗措施是（　　）。

选项：A. 静脉滴注异丙肾上腺素；B. 静脉滴注多巴酚丁胺；C. 静脉注射肾上腺素；D. 植入临时性心脏起复器（应该是起搏器？写成了“起复器”，应该是临时性心脏起搏器）。题目要求提高心室率。患者急性下壁和右室心肌梗死，合并三度房室传导阻滞，心率30次/分，血压偏低（收缩压110，但舒张压50，脉压大，可能提示每搏输出量？实际上110/50不算休克，但下壁右室心梗易出现低血压和传导阻滞）。对于急性心肌梗死合并三度房室传导阻滞，特别是下壁心梗，通常是由于迷走神经张力增高或房室结缺血，多为可逆。如果心率慢，血流动力学不稳定，应立即放置临时起搏器。异丙肾上腺素可能增加心肌耗氧，诱发室性心律失常，在急性心梗中相对禁忌或至少不首选，除非没有起搏条件。多巴酚丁胺是正性肌力药，用于心衰。肾上腺素用于心脏骤停。所以提高心室率应立即采取临时起搏。根据急性心肌梗死治疗的指南，对于症状性心动过缓或高度房室传导阻滞，首选临时起搏。病人血压偏低，心率30，有症状可能，应立即植入临时起搏器。所以选D。"
临床上最常见的腹外疝是（　　）。,"{'A': '腹股沟斜疝', 'B': '脐疝', 'C': '腹股沟直疝', 'D': '直疝'}",A,A,True,"我们被问到：“临床上最常见的腹外疝是（　　）。” 选项：A. 腹股沟斜疝 B. 脐疝 C. 腹股沟直疝 D. 直疝。

我们需要选择最常见的腹外疝。在医学上，腹外疝包括腹股沟疝、股疝、脐疝、切口疝等。其中，腹股沟疝最常见，而腹股沟疝又分为斜疝和直疝，斜疝是最常见的类型。通常，腹股沟斜疝占腹股沟疝的大多数，也是所有腹外疝中最常见的。所以答案应为A. 腹股沟斜疝。注意选项C和D：直疝通常就是指腹股沟直疝，但不如斜疝常见。所以选A。

最终答案：A"
首选链霉素的疾病是（　　）。,"{'A': '鼠疫', 'B': '浸润性肺结核', 'C': '草绿色链球菌性心内膜炎', 'D': '布氏杆菌病'}",A,A,True,"我们被问到：“首选链霉素的疾病是（　　）。” 选项：A. 鼠疫 B. 浸润性肺结核 C. 草绿色链球菌性心内膜炎 D. 布氏杆菌病。需要选择最合适的答案。

链霉素是一种氨基糖苷类抗生素。历史上，链霉素是首个有效的抗结核药物，但如今由于耐药性和毒性，已不是一线治疗。临床上，链霉素目前主要与其他药物联合用于治疗某些特定感染，如鼠疫（耶尔森菌）、兔热病、布氏杆菌病等。但需要找出“首选”链霉素的疾病。

根据药理学知识：链霉素主要用于鼠疫和兔热病的首选治疗。对于鼠疫，链霉素是传统首选药物，但也可用庆大霉素等替代。对于布氏杆菌病，通常联合多西环素和利福平或链霉素（或其他氨基糖苷类）。但“首选”链霉素的经典答案是鼠疫。浸润性肺结核：链霉素曾是抗结核一线药物，但现在因耐药性及毒性，已很少作为首选，仅在耐药结核或有需要时使用。草绿色链球菌性心内膜炎：通常首选青霉素G联合庆大霉素（或头孢曲松等），链霉素也曾用过，但现在更常用庆大霉素，且链霉素不是首选。布氏杆菌病：治疗常用多西环素+利福平，或加用链霉素/庆大霉素，链霉素不是唯一首选。而鼠疫：链霉素是传统上首选药物。许多医学教材中，鼠疫首选链霉素。比如《药理学》教科书指出：“链霉素是治疗鼠疫和兔热病的首选药物。” 因此答案应为A。"
医学伦理学的有利原则不包括（　　）。,"{'A': '努力使患者受益', 'B': '关于患者的客观利益和主观利益', 'C': '努力预防或减少难以避免的伤害', 'D': '把患者的利益看得高于一切'}",D,D,True,"我们被问到：“医学伦理学的有利原则不包括（　　）。” 选项：
A. 努力使患者受益
B. 关于患者的客观利益和主观利益
C. 努力预防或减少难以避免的伤害
D. 把患者的利益看得高于一切

需要找出哪一个不是有利原则的内容。医学伦理学基本原则包括：尊重（自主）、有利（行善）、不伤害、公正。有利原则（Beneficence）是要求医务人员的行动不仅避免伤害（不伤害原则），而且要促进患者的健康、福祉，努力使患者受益。有利原则包括：1. 努力使患者受益；2. 预防或减少伤害；3. 权衡利弊，使益处大于伤害。所以A和C是典型内容。关于患者的利益，有利原则要求考虑患者的客观利益（医学上的最佳利益）和主观利益（患者的价值观、愿望等），即结合患者自主性。所以B也可能是对的。D选项“把患者的利益看得高于一切”是一种绝对化的表述。在医学伦理学中，有利原则是有条件的，要结合不伤害、尊重自主、公正等原则，并不是把患者利益看得高于一切，比如在公共卫生资源分配时，不能只考虑单个患者的利益高于一切，还要考虑公正、社会利益等。所以“不包括”的可能是D。查阅常见医学伦理学考题：有利原则的具体要求通常包括：树立全面的利益观，真诚关心病人的以生命和健康为核心的客观利益（止痛、康复、治愈等）和主观利益（正当的心理需求和社会需求等）；提供最优化服务，努力使病人受益，即解除由疾病引起的疼痛和不幸，照料和治愈有病的人，照料那些不能治愈的人，避免过早死亡，追求安详死亡，预防疾病和损伤、促进健康；努力预防或减少难以避免的伤害；对利害得失全面权衡，选择受益最大、伤害最小的医学决策；坚持公益原则，将有利于病人同有利于社会健康公益有机统一起来。所以不包括“把患者的利益看得高于一切”，因为这违背了公正原则和公益原则。因此D不是有利原则的内涵。所以答案是D。"
法洛四联症缺氧发作的处理，不用（　　）。,"{'A': '吗啡', 'B': '地高辛', 'C': '普萘洛尔', 'D': '膝胸卧位'}",B,B,True,"我们被问到：""法洛四联症缺氧发作的处理，不用（ ）。"" 选项：A. 吗啡 B. 地高辛 C. 普萘洛尔 D. 膝胸卧位。

我们需要找出在法洛四联症缺氧发作的处理中，哪一种是不用的。缺氧发作（缺氧发作，也称为发绀发作或 ""tet spells""）是法洛四联症（TOF）的一种紧急情况。标准处理包括：
- 膝胸卧位：增加体循环阻力，减少右向左分流，从而增加肺血流，提高血氧。这是立即处理。
- 吗啡：镇静，抑制呼吸中枢？实际上吗啡用于缺氧发作，因为它可以镇静患儿，减少呼吸驱动和减轻右室流出道痉挛？吗啡是常用药物。
- 普萘洛尔（心得安）：β受体阻滞剂，可以减轻右室流出道肌肉痉挛，减慢心率，改善肺血流。用于预防和治疗缺氧发作。
- 地高辛：正性肌力药物，可能加重右室流出道梗阻？在TOF缺氧发作时，地高辛通常禁忌，因为它可以增加心肌收缩力，可能加重漏斗部痉挛，从而增加右向左分流。所以缺氧发作的处理通常不用地高辛。

标准答案：法洛四联症缺氧发作的处理，不用地高辛。地高辛可能会加重右室流出道梗阻。因此选B。

确认一下：缺氧发作的紧急处理：膝胸卧位、吸氧、吗啡、普萘洛尔、去氧肾上腺素等增加体循环阻力的药物，碳酸氢钠纠正酸中毒等。地高辛不用。因此正确答案是B。"
合并糖尿病肾病的高血压患者治疗应首选（　　）。,"{'A': '血管紧张素转换酶抑制剂', 'B': 'α受体阻滞剂', 'C': 'β受体阻滞剂', 'D': '利尿剂'}",A,A,True,"我们被问到：""合并糖尿病肾病的高血压患者治疗应首选（　　）。"" 选项：A. 血管紧张素转换酶抑制剂，B. α受体阻滞剂，C. β受体阻滞剂，D. 利尿剂。

分析：糖尿病肾病的高血压患者，首选药物是血管紧张素转换酶抑制剂（ACEI）或血管紧张素II受体阻滞剂（ARB）。这类药物可以降低血压，同时减少蛋白尿，延缓肾脏疾病进展。这是标准临床指南。因此首选A。

答案：A"
细菌性肺炎最常见的病原体是（　　）。,"{'A': '链球菌', 'B': '葡萄球菌', 'C': '肺炎链球菌', 'D': '肺炎杆菌'}",C,C,True,"我们被问到：""细菌性肺炎最常见的病原体是（ ）。选项：A. 链球菌 B. 葡萄球菌 C. 肺炎链球菌 D. 肺炎杆菌""

我们需要选择最合适的答案。从医学知识来看，细菌性肺炎最常见的病原体是肺炎链球菌，即肺炎链球菌（Streptococcus pneumoniae）。肺炎链球菌是社区获得性肺炎最常见的细菌病原体。选项A链球菌太宽泛，通常链球菌属包括肺炎链球菌，但最常见的具体病原体是肺炎链球菌。选项B葡萄球菌（金黄色葡萄球菌）是肺炎的病原体，但不是最常见的。选项D肺炎杆菌通常指肺炎克雷伯菌，也不是最常见的。所以正确答案是C。"
女，35岁，药物流产后3天，高热伴右下腹痛1天，妇科检查：白带脓性，宫颈举痛，宫体大小如妊娠六周，右附件区有明显压痛。2．对诊断本病无价值的是（　　）。,"{'A': '后穹窿穿刺', 'B': '超声', 'C': '腹腔镜检', 'D': '尿hCG检测'}",D,D,True,"我们被问到：""医学问题：女，35岁，药物流产后3天，高热伴右下腹痛1天，妇科检查：白带脓性，宫颈举痛，宫体大小如妊娠六周，右附件区有明显压痛。2．对诊断本病无价值的是（　　）。""

选项：
A. 后穹窿穿刺
B. 超声
C. 腹腔镜检
D. 尿hCG检测

我们需要选择“对诊断本病无价值”的选项。首先分析病例：35岁女性，药物流产后3天，高热伴右下腹痛1天。妇科检查：白带脓性，宫颈举痛，宫体如妊娠6周大小，右附件区明显压痛。这提示可能为急性盆腔炎性疾病（PID），可能是药物流产后感染导致的盆腔炎，可能伴有输卵管卵巢脓肿或盆腔脓肿？症状包括高热、腹痛、脓性白带、宫颈举痛、附件压痛。需要鉴别其他情况如异位妊娠？但她是药物流产后，宫内妊娠已终止？尿hCG可能仍有阳性，因为流产后hCG下降需要时间。问题问“对本病诊断无价值的是”，这个“本病”指的是什么？根据临床表现，可能是急性盆腔炎，或者可能是流产后感染，如急性子宫内膜炎、输卵管炎、盆腔腹膜炎等。也可能需要排除不全流产伴有感染？宫体大小如妊娠6周，药物流产后3天，正常子宫应稍大，6周妊娠大小可能是子宫复旧不全或有残留？但关键是高热和腹痛，提示感染。

选项分析：
A. 后穹窿穿刺：如果盆腔有脓肿或积脓，后穹窿穿刺可抽出脓液，对诊断盆腔脓肿有价值。
B. 超声：可检查子宫内有无残留物，附件区有无包块、脓肿，盆腔积液等，对诊断盆腔炎性疾病及不全流产等有价值。
C. 腹腔镜检：是诊断盆腔炎性疾病的金标准，特别是在严重或有脓肿时，但临床通常不首选。对于诊断本病（急性盆腔炎），腹腔镜检是有价值的。
D. 尿hCG检测：药物流产后3天，尿hCG通常仍为阳性。hCG检测可以帮助判断是否存在不全流产、异位妊娠（如果流产失败）等。但本患者已经明确是药物流产后，主要问题是高热和腹痛，考虑感染。尿hCG检测对诊断急性盆腔炎本身无直接价值，主要用于排除妊娠相关疾病。问“对诊断本病无价值”，如果“本病”是指急性盆腔炎，那么尿hCG对其无直接诊断价值。如果本病是指“流产后感染”，那么尿hCG并非常规用于诊断感染。相比之下，后穹窿穿刺、超声、腹腔镜检查均可用于评估感染和脓肿。所以D可能无价值。

但需注意，流产后感染可能伴有不全流产，这时需要知道是否有残留，但尿hCG在流产后3天阳性无特异性，不能区分是完全流产还是不全流产，而且对感染无诊断价值。通常诊断盆腔炎不依赖于hCG。因此，无价值的应该是尿hCG检测。

但在鉴别诊断中，需要排除异位妊娠等，但患者有药物流产病史，我们知道她之前是宫内孕吗？题目未明确，但“药物流产后”暗示她做了药流，可能确认宫内孕。高热、腹痛，可能需排除其他急腹症。

根据临床思维，急性盆腔炎的诊断主要依据临床标准（CDC标准）：最低标准：宫颈举痛或子宫压痛或附件压痛。附加标准：体温>38.3℃，异常宫颈或阴道分泌物，血沉增快，C反应蛋白升高，实验室证实的宫颈淋病奈瑟菌或衣原体感染。特异标准：子宫内膜活检证实子宫内膜炎，阴道超声或MRI显示输卵管增粗、积液，伴或不伴盆腔积液、输卵管卵巢脓肿，腹腔镜检查发现盆腔炎性疾病征象。所以后穹窿穿刺(可抽脓)、超声(可看脓肿)、腹腔镜(金标准)都有诊断价值。尿hCG检测主要用于妊娠试验，虽然对于除外异位妊娠等重要，但对于“本病”（盆腔炎）本身的诊断无直接价值，只能用于鉴别诊断。在问题语境下，可能“本病”是急性盆腔炎，尿hCG无价值。或者“本病”指流产后感染，尿hCG也无价值。

然而，选项中有“尿hCG检测”。在许多临床考试题目中，针对盆腔炎的诊断，hCG检测是用来排除妊娠相关疾病的，不是诊断盆腔炎的手段。所以无价值的选D。

再确认：药物流产后3天，hCG可能还是阳性，所以测尿hCG对“本病”没有价值，反而可能误导？但临床上仍可能查血hCG或尿hCG排除不全流产或异位妊娠，但这是鉴别诊断，对“本病”诊断无价值。本病最可能是急性盆腔炎。所以D是正确答案。

因此，选择D。"
女性，35岁，持续性血压升高2个月，疑诊嗜铬细胞瘤，则下列检查中哪项检查的敏感性和特异性最高？（　　）,"{'A': '尿甲氧基肾上腺素和甲氧基去甲肾上腺素', 'B': '尿皮质醇', 'C': '尿17-酮类固醇', 'D': '尿17-羟类固醇'}",A,A,True,"我们被问到：“女性，35岁，持续性血压升高2个月，疑诊嗜铬细胞瘤，则下列检查中哪项检查的敏感性和特异性最高？（　　）”

选项：
A. 尿甲氧基肾上腺素和甲氧基去甲肾上腺素
B. 尿皮质醇
C. 尿17-酮类固醇
D. 尿17-羟类固醇

诊断嗜铬细胞瘤，需要检测儿茶酚胺及其代谢产物。目前，血浆游离甲氧基肾上腺素和甲氧基去甲肾上腺素（metanephrine和normetanephrine，简称MNs）或尿甲氧基肾上腺素和甲氧基去甲肾上腺素（尿MNs）是诊断嗜铬细胞瘤最敏感的指标。尿VMA（香草扁桃酸）敏感性和特异性较低。选项B是皮质醇，用于库欣综合征；C和D是17-酮和17-羟类固醇，用于肾上腺皮质疾病的筛查。因此，A是正确答案。

答案：A"
男，47岁，江苏人，因发热伴腹痛、腹泻20天人院，氨苄青霉素治疗无效。体检：体温39.2℃，四肢及躯干皮肤可见荨麻疹，腹股沟淋巴结轻度肿大，肝肋下4cm，质软，脾肋下1cm。血象：白细胞16.2×109/L.，嗜酸性粒细胞0.36；肝功ALT 100U/L。1．采集病史时应特别注意询问（　　）。,"{'A': '结核病史', 'B': '肝病史', 'C': '疫水接触史', 'D': '腹泻次数、性质'}",C,C,True,"我们被问到：""医学问题：男，47岁，江苏人，因发热伴腹痛、腹泻20天人院，氨苄青霉素治疗无效。体检：体温39.2℃，四肢及躯干皮肤可见荨麻疹，腹股沟淋巴结轻度肿大，肝肋下4cm，质软，脾肋下1cm。血象：白细胞16.2×109/L.，嗜酸性粒细胞0.36；肝功ALT 100U/L。1．采集病史时应特别注意询问（　　）。""

选项：
A. 结核病史
B. 肝病史
C. 疫水接触史
D. 腹泻次数、性质

这是一个典型的临床表现分析题。患者有发热、腹痛、腹泻，氨苄青霉素治疗无效。皮疹为荨麻疹，淋巴结肿大，肝脾肿大。血象白细胞升高，嗜酸性粒细胞明显升高（0.36即36%）。肝功能ALT升高。患者来自江苏。这些特征高度提示寄生虫感染，特别是血吸虫病。急性血吸虫病可有发热、荨麻疹、肝脾肿大、嗜酸性粒细胞增高。江苏是血吸虫病疫区。因此应询问疫水接触史。选项C正确。"
慢性骨髓炎患者，发现贫血，红细胞为正常细胞型，血清铁450μg/L，总铁结合力2000μg/L，骨髓细胞外铁（++），贫血症应诊断为（　　）。,"{'A': '营养性巨幼红细胞性贫血', 'B': '缺铁性贫血', 'C': '慢性感染性贫血', 'D': '铁粒幼红细胞性贫血'}",C,C,True,"我们被问到：""医学问题：慢性骨髓炎患者，发现贫血，红细胞为正常细胞型，血清铁450μg/L，总铁结合力2000μg/L，骨髓细胞外铁（++），贫血症应诊断为（　　）。""

选项：
A. 营养性巨幼红细胞性贫血
B. 缺铁性贫血
C. 慢性感染性贫血
D. 铁粒幼红细胞性贫血

我们需要根据提供的信息选择正确的诊断。

患者：慢性骨髓炎（慢性感染），贫血，红细胞为正细胞型（正常细胞性贫血）。血清铁450 μg/L（通常正常血清铁约为60-170 μg/dL，注意单位：这里是μg/L。通常血清铁正常值约为 60-170 μg/dL = 600-1700 μg/L。但让我们仔细核对单位：通常血清铁正常范围：男性 11-30 μmol/L，约 60-170 μg/dL。450 μg/L = 45 μg/dL，这是降低的？等等，总铁结合力（TIBC）2000 μg/L = 200 μg/dL（正常TIBC约250-450 μg/dL，即2500-4500 μg/L）。重新计算：正常血清铁：约60-170 μg/dL = 600-1700 μg/L。患者血清铁450 μg/L，低于正常。总铁结合力2000 μg/L，低于正常（正常约2500-4500 μg/L？实际上TIBC正常值：250-450 μg/dL = 2500-4500 μg/L）。骨髓细胞外铁（++），表示骨髓贮存铁增加。

慢性病贫血（慢性感染性贫血）的特征：正常细胞性或轻度小细胞性贫血，血清铁降低，总铁结合力降低或正常，骨髓铁正常或增加（铁利用障碍，网状内皮系统铁贮积）。缺铁性贫血：血清铁降低，TIBC升高，骨髓铁减少。巨幼红细胞性贫血：大细胞性贫血，血清铁正常或升高，骨髓铁可能增加等。铁粒幼红细胞性贫血：血清铁升高，TIBC降低，骨髓铁增加，环形铁粒幼细胞。

该患者：慢性骨髓炎（慢性病），贫血为正细胞型，血清铁降低（450 μg/L），TIBC降低（2000 μg/L），骨髓外铁增加（++）。这符合慢性病贫血（慢性感染性贫血）。选项C是慢性感染性贫血。

注意单位：如果血清铁450 μg/L，正常血清铁大约是600-1700 μg/L，所以是降低的。总铁结合力2000 μg/L，正常TIBC是2500-4500 μg/L，也降低。骨髓外铁（++）说明铁储备充足。这典型是慢性病贫血。因此答案选C。

确认：慢性感染性贫血也叫炎症性贫血，符合。所以答案是C。"
1．子宫肿瘤，镜下见形态一致的平滑肌细胞排列成栅栏状，核分裂少见（　　）。,"{'A': '平滑肌瘤', 'B': '脂肪肉瘤', 'C': '骨肉瘤', 'D': '平滑肌肉瘤'}",A,A,True,我们被要求只回答选项字母。题目描述：子宫肿瘤，镜下见形态一致的平滑肌细胞排列成栅栏状，核分裂少见。这是典型的子宫平滑肌瘤（良性）的病理特征。平滑肌肉瘤则通常细胞异型性明显、核分裂多见、常有坏死等。所以答案选A。
女，68岁。高血压病史20年，发现尿蛋白3年，尿比重1.010，红细胞0～1/HP，尿蛋白0.45g/d。尿蛋白分析β2-MG、α-MG升高。该患者蛋白尿属于（　　）。,"{'A': '组织性', 'B': '溢出性', 'C': '肾小管性', 'D': '功能性'}",C,C,True,"我们被问到：“女，68岁。高血压病史20年，发现尿蛋白3年，尿比重1.010，红细胞0～1/HP，尿蛋白0.45g/d。尿蛋白分析β2-MG、α-MG升高。该患者蛋白尿属于（　　）。”

选项：
A. 组织性
B. 溢出性
C. 肾小管性
D. 功能性

我们需要根据临床知识判断。患者有长期高血压，发现蛋白尿3年。尿蛋白0.45g/d，属于少量蛋白尿（<1g/d）。尿比重1.010固定，提示肾小管浓缩功能减退。尿蛋白分析显示β2-微球蛋白（β2-MG）和α1-微球蛋白（α-MG）升高。这些小分子蛋白通常在肾小球自由滤过，然后在近端肾小管重吸收和分解。如果尿中这些小分子蛋白升高，说明肾小管重吸收功能受损，属于肾小管性蛋白尿。另外，尿蛋白总量不多，红细胞无/极少，这与肾小管性蛋白尿相符。组织性蛋白尿通常是由于肾组织分泌的蛋白（如Tamm-Horsfall蛋白）增加。溢出性蛋白尿是由于血浆中小分子蛋白异常增多（如本-周蛋白、肌红蛋白等），超出肾小管重吸收能力。功能性蛋白尿是暂时性，如发热、运动后等。患者有长期高血压，可能引起肾小管间质损害，导致肾小管性蛋白尿。因此选C。

答案：C"
白带呈脓性泡沫状，用酸性液体冲洗阴道可提高疗效的是（　　）。,"{'A': '滴虫性阴道炎', 'B': '萎缩性阴道炎', 'C': '婴幼儿外阴阴道炎', 'D': '淋球菌阴道炎'}",A,A,True,"我们被问到：“白带呈脓性泡沫状，用酸性液体冲洗阴道可提高疗效的是（　　）。” 选项：A. 滴虫性阴道炎，B. 萎缩性阴道炎，C. 婴幼儿外阴阴道炎，D. 淋球菌阴道炎。

需要分析这个问题。脓性泡沫状白带是滴虫性阴道炎的典型特征。滴虫性阴道炎是由阴道毛滴虫引起的，其特征是稀薄的泡沫状白带，可能呈黄绿色或脓性。滴虫适宜在pH偏碱性的环境中生长（pH>5），通常阴道环境正常是酸性（pH 3.8-4.4），但滴虫感染后pH升高。因此治疗时用酸性液体冲洗阴道，如乳酸或醋酸，可以恢复阴道酸性环境，抑制滴虫生长，提高疗效。所以答案应该是A. 滴虫性阴道炎。

检查其他选项：萎缩性阴道炎（老年性阴道炎）是因雌激素水平降低导致，pH升高，但白带稀薄或脓性，不是典型泡沫状，治疗用雌激素和抗生素，酸性冲洗也有辅助作用，但题干“白带呈脓性泡沫状”强烈指向滴虫。婴幼儿外阴阴道炎也可能与感染有关，但泡沫状不是特征。淋球菌阴道炎通常是脓性白带，不是泡沫状。因此最符合的是滴虫性阴道炎。

所以答案选A。"
某县妇幼保健站组织医疗队下乡为孕妇、产妇做健康方面检查。检查的下列主要内容中属于孕产妇保健服务的为（　　）。,"{'A': '对严重遗传性疾病的发病原因、治疗和预防方法提供医学意见', 'B': '为产妇提供心理方面的咨询和指导', 'C': '为胎儿生长发育提供咨询和医学指导', 'D': '为新生儿生长发育提供咨询和医学指导'}",B,B,True,"我们被问到：""某县妇幼保健站组织医疗队下乡为孕妇、产妇做健康方面检查。检查的下列主要内容中属于孕产妇保健服务的为（　　）。"" 选项：
A. 对严重遗传性疾病的发病原因、治疗和预防方法提供医学意见
B. 为产妇提供心理方面的咨询和指导
C. 为胎儿生长发育提供咨询和医学指导
D. 为新生儿生长发育提供咨询和医学指导

我们需要选择属于""孕产妇保健服务""的内容。孕产妇保健服务通常针对孕妇和产妇。根据《国家基本公共卫生服务规范》或相关妇幼保健规定，孕产妇保健服务内容包括孕早期、孕中期、孕晚期健康管理，产后访视，产后42天健康检查等。具体包括为孕妇提供产前检查、孕期指导、心理指导等；为产妇提供产后访视、心理指导、母乳喂养指导等。选项A关于严重遗传性疾病的医学意见，可能是婚前保健或遗传咨询，不专属于孕产妇保健常规服务。选项C""为胎儿生长发育提供咨询和医学指导""——这是针对胎儿，尽管与孕妇相关，但胎儿不是孕产妇本身；通常孕产妇保健服务针对母亲，胎儿保健属于产前检查的一部分，但严格来说""胎儿生长发育咨询""可能属于产前筛查和指导。选项D""为新生儿生长发育提供咨询和医学指导""，属于儿童保健服务。选项B""为产妇提供心理方面的咨询和指导""属于产后访视和产后保健服务的一部分，明确是孕产妇保健中的产后心理指导。根据《孕产妇保健工作规范》和《国家基本公共卫生服务规范（第三版）》孕产妇健康管理服务内容，包括为孕产妇提供心理、营养、卫生等咨询指导。所以B是正确的。但有时产前检查也包括对胎儿生长发育的监测和咨询，如宫高腹围、B超等，并提供医学指导。选项C""为胎儿生长发育提供咨询和医学指导""也是产前检查的一部分，但题干强调""为孕妇、产妇做健康方面检查""，并问属于""孕产妇保健服务""，主语是孕产妇。选项C针对胎儿。选项B针对产妇心理。我们需要辨析哪个最符合""孕产妇保健服务""定义。根据《中华人民共和国母婴保健法》及其实施办法，孕产期保健服务包括：母婴保健指导（对孕育健康后代以及严重遗传性疾病和碘缺乏病等地方病的发病原因、治疗和预防方法提供医学意见）、孕妇、产妇保健（为孕妇、产妇提供卫生、营养、心理等方面的咨询和指导以及产前定期检查等医疗保健服务）、胎儿保健（为胎儿生长发育进行监护，提供咨询和医学指导）、新生儿保健（为新生儿生长发育、哺乳和护理提供医疗保健服务）。但题目选项可能是在区分孕产期保健服务的不同方面。题干问""属于孕产妇保健服务的为""，根据母婴保健法，孕产期保健服务包括：（一）母婴保健指导；（二）孕产妇保健；（三）胎儿保健；（四）新生儿保健。其中，孕产妇保健是""为孕妇、产妇提供卫生、营养、心理等方面的咨询和指导以及产前定期检查等医疗保健服务""。A属于母婴保健指导。B属于孕产妇保健。C属于胎儿保健。D属于新生儿保健。所以B正确。因此选择B。"
刚出生的新生儿，尚未哺乳，无黄疸，血象白细胞20×109/L，中性粒细胞0.65，淋巴细胞0.35，最大可能是（　　）。,"{'A': '宫内感染', 'B': '正常现象', 'C': '新生儿败血症', 'D': '先天性白血病'}",B,B,True,"我们被问到：“刚出生的新生儿，尚未哺乳，无黄疸，血象白细胞20×109/L，中性粒细胞0.65，淋巴细胞0.35，最大可能是（　　）。” 选项：A. 宫内感染 B. 正常现象 C. 新生儿败血症 D. 先天性白血病。

需要分析新生儿血象。刚出生新生儿白细胞计数正常值：通常出生时白细胞总数较高，可达(15-20)×10^9/L，有时甚至更高（可达25×10^9/L），以中性粒细胞为主。出生后中性粒细胞比例较高，随后逐渐下降，淋巴细胞比例上升，出现第一次交叉。所以出生时白细胞20×10^9/L，中性粒细胞65%，淋巴细胞35%，这基本上是正常的刚出生新生儿的血象特点。没有感染征象（无黄疸，未哺乳排除其他因素），所以最大可能是正常现象。宫内感染或败血症通常有异常血象如杆状核增高、中毒颗粒等，或者临床表现。先天性白血病非常罕见，血象会异常。因此选B。"
张力性气胸的胸腔压力为（　　）。,"{'A': '支气管裂口持续存在持续漏气，胸内压力不断升高', 'B': '胸内压吸气相为正压，呼气相为负压', 'C': '吸气相正压逆转为负压，呼气相负压逆转为正压', 'D': '伤侧胸腔负压逆转为正压，健侧胸腔负压减低但仍然为负压'}",D,D,True,"我们被问到：""张力性气胸的胸腔压力为（　　）。"" 选项是关于压力的描述。我们需要选正确的。

首先回想张力性气胸的定义和病理生理。张力性气胸是由胸壁、肺或支气管的裂口形成单向活瓣，吸气时气体进入胸腔，呼气时活瓣关闭气体不能排出，导致胸腔内压力进行性升高，使患侧胸腔成为正压，压迫肺和纵隔，导致纵隔移位，压迫健侧肺和大血管，引起呼吸循环障碍。

分析选项：

A. 支气管裂口持续存在持续漏气，胸内压力不断升高 —— 这说的是机制，但压力描述不够具体，而且""支气管裂口持续存在持续漏气""并不是张力性气胸的唯一原因，也描述得不完全准确（单向活瓣）。

B. 胸内压吸气相为正压，呼气相为负压 —— 这描述的是反常呼吸？或者某些情况？正常胸内压是负压，吸气更负，呼气负压减小。张力性气胸胸内压是正压且进行性增高。如果吸气正压，呼气负压，这不对，因为张力性气胸时胸腔压力一直高，不会呼气变负压。可能是描述某些开放性气胸或连枷胸？通常连枷胸会出现反常呼吸，但胸腔压力不是这样。B错误。

C. 吸气相正压逆转为负压，呼气相负压逆转为正压 —— 这听起来很奇怪。正常胸内压是吸负呼正（相对），但都是负压。这个选项描述压力逆转，不符合张力性气胸。

D. 伤侧胸腔负压逆转为正压，健侧胸腔负压减低但仍然为负压 —— 这符合张力性气胸：患侧胸腔压力变为正压，纵隔移位，健侧胸腔负压减小但仍为负压。这是典型的描述。

查阅知识：在临床医学中，张力性气胸（高压性气胸）的特点：胸腔内压力为高压正压，伤侧胸腔负压逆转为正压，健侧胸腔负压减低但仍然为负压（由于纵隔移位压迫）。这是常见考点。所以D正确。

因此选择D。"
新生儿溶血病中ABO血型不合的溶血症最确切的诊断依据为（　　）。,"{'A': '贫血肝脾肿大，网织红细胞增高', 'B': '母亲的血型为O型，小儿血型为A型', 'C': '新生儿血清胆红素增高同时，血色素明显下降', 'D': '血型抗体（游离、释放试验）阳性'}",D,D,True,"我们被问到：“新生儿溶血病中ABO血型不合的溶血症最确切的诊断依据为（　　）。” 选项有A、B、C、D。需要选出最确切的一项。

首先，了解新生儿溶血病（HDN）中的ABO血型不合溶血病。常见于母亲O型，婴儿A型或B型。诊断依据包括临床表现和实验室检查。确切的诊断依据是证实婴儿红细胞被来自母亲的IgG抗A或抗B抗体致敏。实验室检查包括直接抗人球蛋白试验（直抗）、游离抗体试验和释放试验。其中，释放试验阳性是最具诊断价值的，因为它证实婴儿红细胞上存在抗体。直抗在ABO HDN中常为弱阳性或阴性。所以最确切的诊断依据是“血型抗体（游离、释放试验）阳性”，尤其是释放试验。选项D说“血型抗体（游离、释放试验）阳性”，这应该是确切的依据。A和C是临床表现和一般实验室检查，不具有特异性。B只是说明血型不合的可能性，但不是确诊依据。因此选D。"
提示室性心动过速的特征性心电图改变是（　　）。,"{'A': 'QRS波群交替', 'B': '室性融合波', 'C': 'P波与QRS波群传导比例为1:2', 'D': '心动过速由房性期前收缩诱发'}",B,B,True,"我们被问到：“提示室性心动过速的特征性心电图改变是（　　）。” 选项：
A. QRS波群交替
B. 室性融合波
C. P波与QRS波群传导比例为1:2
D. 心动过速由房性期前收缩诱发

我们需要选择最合适的答案。这关于室性心动过速（VT）的心电图特征。特征性改变包括：宽大畸形的QRS波，房室分离，室性融合波，心室夺获等。其中，室性融合波和心室夺获是诊断室速的有力证据。选项B是“室性融合波”，这是特征性改变之一。选项A“QRS波群交替”可能是QRS波电交替，可见于某些心动过速但非特征性。选项C“P波与QRS波群传导比例为1:2”可能指房室传导比例，这在房扑等可见。选项D“心动过速由房性期前收缩诱发”提示房性心律失常诱发，不是室速特征。因此正确答案是B。"
治疗社区获得性肺炎时，可覆盖非典型病原体的抗生素是（　　）。,"{'A': '糖肽类', 'B': '青霉素类', 'C': '大环内酯类', 'D': '氨基糖苷类'}",C,C,True,"我们被问到：""治疗社区获得性肺炎时，可覆盖非典型病原体的抗生素是（　　）。"" 选项：A. 糖肽类 B. 青霉素类 C. 大环内酯类 D. 氨基糖苷类。我们需要选择能覆盖非典型病原体的抗生素。非典型病原体通常包括肺炎支原体、肺炎衣原体、军团菌等。覆盖这些病原体的抗生素类别有大环内酯类（如阿奇霉素、克拉霉素）、四环素类（如多西环素）、氟喹诺酮类（如左氧氟沙星、莫西沙星）。糖肽类（如万古霉素）主要覆盖革兰阳性菌，包括MRSA。青霉素类主要覆盖典型细菌如肺炎链球菌等。氨基糖苷类主要覆盖需氧革兰阴性杆菌。所以大环内酯类可以覆盖非典型病原体。正确答案是C。"
男孩，3岁。左侧阴囊包块，平卧后包块消失，质软，无触痛，透光试验阳性。最可能的诊断为（　　）。,"{'A': '精索鞘膜积液', 'B': '交通性鞘膜积液', 'C': '睾丸肿瘤', 'D': '腹股沟斜疝'}",B,B,True,"我们被问到：""男孩，3岁。左侧阴囊包块，平卧后包块消失，质软，无触痛，透光试验阳性。最可能的诊断为（　　）。"" 选项：A. 精索鞘膜积液 B. 交通性鞘膜积液 C. 睾丸肿瘤 D. 腹股沟斜疝。

我们需要找出最可能的诊断。关键信息：3岁男孩，左侧阴囊包块，平卧后消失，质软，无触痛，透光试验阳性。

- 精索鞘膜积液：通常位于腹股沟区或阴囊上方，包块可能不会因平卧而消失，因为它是精索部分的鞘状突未闭，但两端闭合，中间积液。通常透光试验阳性，但平卧后消失不典型。
- 交通性鞘膜积液：鞘状突完全未闭，与腹腔相通，积液可来回流动。平卧后包块消失，站立或哭闹时出现，透光试验阳性。这符合描述。
- 睾丸肿瘤：质硬，不透光，平卧不消失，常有沉重感，无触痛（早期可能无痛），但透光试验阴性。
- 腹股沟斜疝：腹股沟区可复性包块，平卧消失，但内容物常为肠管或大网膜，质软，但透光试验通常阴性（除非肠管内有液体，但一般不描述为阳性）。而且斜疝可听到肠鸣音，咳嗽有冲击感，透光试验阴性。

题目明确说“透光试验阳性”，这是鞘膜积液的特征表现，可排除斜疝和睾丸肿瘤。而包块平卧后消失，说明积液可回流入腹腔，这是交通性鞘膜积液的特征。精索鞘膜积液平卧后不消失（或缓慢变化），因为不与腹腔直接相通。因此最可能诊断为交通性鞘膜积液。

所以答案是B。"
2．对心脏的抑制作用最强的药物是（　　）。,"{'A': '美西律', 'B': '维拉帕米', 'C': '卡托普利', 'D': '强心苷'}",B,B,True,"我们被问到：""2．对心脏的抑制作用最强的药物是（　　）。"" 选项：A. 美西律 B. 维拉帕米 C. 卡托普利 D. 强心苷。我们需要选择对心脏抑制作用最强的药物。

首先，我们要理解“对心脏的抑制作用”指的是什么。通常指负性肌力作用（抑制心肌收缩力），也可能包括负性频率、负性传导等。需要比较这些药物的药理作用。

- 美西律（Mexiletine）：Ⅰb类抗心律失常药，钠通道阻滞剂，主要用于室性心律失常。它对心脏的抑制作用相对较弱，轻度负性肌力作用。
- 维拉帕米（Verapamil）：钙通道阻滞剂（非二氢吡啶类），主要作用于心脏，有较强的负性肌力、负性频率和负性传导作用。抑制钙内流，直接抑制心肌收缩力和窦房结、房室结传导。
- 卡托普利（Captopril）：ACE抑制剂，用于高血压、心衰。通过抑制AngⅡ生成，降低外周阻力，没有直接的负性肌力作用，甚至可改善心功能。
- 强心苷（Cardiac glycosides，如地高辛）：正性肌力药物，增强心肌收缩力，抑制Na+/K+-ATP酶。对心脏的“抑制作用”可能指的是其负性频率、负性传导（通过迷走神经）作用，但正性肌力作用是与“抑制”相反的。强心苷中毒时可引起心律失常，但治疗剂量是增强收缩力。

题目问的是“对心脏的抑制作用最强的药物”。心脏抑制作用通常指抑制心肌收缩力。维拉帕米是较强的负性肌力药物，尤其在非二氢吡啶类钙拮抗剂中，维拉帕米的心脏抑制作用强于硝苯地平等（硝苯地平扩血管为主）。美西律也有一定负性肌力，但不如维拉帕米强。卡托普利无直接抑制。强心苷不是抑制心脏，而是兴奋（正性肌力）但有负性传导。所以从负性肌力角度，维拉帕米抑制作用最强。在临床中，维拉帕米禁用于心力衰竭、显著心动过缓等，因其有明显心脏抑制。美西律也可用于心衰患者但需谨慎，但没有维拉帕米那么强。

所以答案应为B. 维拉帕米。"
对于肝素，哪项是错误的？（　　）,"{'A': '肝素不能口服', 'B': '肝素是通过抗凝血酶Ⅲ起作用', 'C': '肝素用量越大，其抗凝活性t1/2越长', 'D': '肝素只在体外有抗凝血作用'}",D,D,True,"我们被问到：“对于肝素，哪项是错误的？（　　）”，有四个选项。需要找出错误的陈述。

分析：
A. 肝素不能口服 — 这是正确的。肝素是一种多糖，口服不吸收，必须注射给药。
B. 肝素是通过抗凝血酶Ⅲ起作用 — 正确。肝素与抗凝血酶III结合，增强其灭活凝血因子的能力。
C. 肝素用量越大，其抗凝活性t1/2越长 — 需要判断。肝素的药代动力学：治疗剂量下，肝素的半衰期约为1-2小时，但剂量增加时，半衰期可能会延长？实际上，肝素主要通过网状内皮系统清除，低剂量时半衰期较短，高剂量时半衰期延长，因为清除机制饱和？或者肝素的半衰期随剂量增加而延长？我回忆一下：普通肝素的半衰期是剂量依赖性的，剂量越大，半衰期越长。例如，静脉注射100 U/kg时半衰期约1小时，400 U/kg时约2.5小时。所以C可能是正确的。
D. 肝素只在体外有抗凝血作用 — 这是错误的。肝素在体内和体外都有抗凝作用。早期肝素发现时，确实有体外抗凝作用，但后来用于体内抗凝。说法“肝素只在体外有抗凝血作用”是不正确的。可能有人会想到肝素在体内也有效，所以D是错误的。

因此，错误选项是D。"
患者，女。心脏联合瓣膜病10年。发热1个月，体温37.2～37.6℃，厌食，消瘦，贫血貌。确诊手段首选（　　）。,"{'A': '胸部X线', 'B': '血培养', 'C': '测定血红蛋白', 'D': '测定血沉'}",B,B,True,"我们被问到：""患者，女。心脏联合瓣膜病10年。发热1个月，体温37.2～37.6℃，厌食，消瘦，贫血貌。确诊手段首选（ ）。选项：A. 胸部X线 B. 血培养 C. 测定血红蛋白 D. 测定血沉""

我们需要分析：患者有心脏联合瓣膜病10年，现在出现长期低热、厌食、消瘦、贫血貌。这高度提示感染性心内膜炎（亚急性感染性心内膜炎）。在有基础心脏瓣膜病的患者中，出现发热、贫血、消瘦等，应怀疑感染性心内膜炎。确诊感染性心内膜炎的首选手段是血培养。因此答案应为B。

让我们确认：血培养是诊断感染性心内膜炎的金标准。其他选项：胸部X线可能看心影或肺部，但不能确诊；测定血红蛋白可明确贫血但不能确诊病因；测定血沉是非特异性炎症指标。所以选B。"
某人已被确诊为某病，而本人否认自己有病，此人角色行为属于（　　）。,"{'A': '角色行为减退', 'B': '角色行为强化', 'C': '角色行为缺如', 'D': '角色行为异常'}",C,C,True,"我们被问到：“某人已被确诊为某病，而本人否认自己有病，此人角色行为属于（ ）。” 选项：A. 角色行为减退 B. 角色行为强化 C. 角色行为缺如 D. 角色行为异常。

我们需要识别病人角色适应问题。医学心理学或护理学中，病人角色适应不良有几种类型：
- 角色行为缺如：即未能进入角色，虽然被确诊有病，但否认自己有病。
- 角色行为减退：已进入病人角色，由于更强烈的情感需要，不顾病情而从事力所不及的活动，表现出对病、伤的考虑不充分或不够重视。
- 角色行为强化：安于病人角色，对自我能力表示怀疑，产生退缩和依赖心理。
- 角色行为异常：病人受病痛折磨感到悲观、失望等不良心境导致行为异常，如攻击、厌世等。
题目描述“已被确诊为某病，而本人否认自己有病”，这符合“角色行为缺如”的定义。答案选C。"
男，59岁。外伤致右腕部疼痛、肿胀1小时。既往体健，无糖尿病病史。查体：T 36.8℃，P 70次/分，R 18次/分，BP 100/60mmHg，心肺腹未见异常，右腕部疼痛、肿胀、活动受限。X线片检查：桡骨下端骨皮质不连续，对位对线良好，并有嵌插。最恰当的治疗措施是（　　）。,"{'A': '皮牵引', 'B': '切开复位内固定', 'C': '骨牵引', 'D': '手法复位外固定'}",D,D,True,"我们被问到：""男，59岁。外伤致右腕部疼痛、肿胀1小时。既往体健，无糖尿病病史。查体：生命体征平稳，右腕部疼痛、肿胀、活动受限。X线片检查：桡骨下端骨皮质不连续，对位对线良好，并有嵌插。最恰当的治疗措施是（　　）。选项：A. 皮牵引 B. 切开复位内固定 C. 骨牵引 D. 手法复位外固定""

首先，明确诊断：这是桡骨远端骨折（Colles骨折或Smith骨折？）。X线示：桡骨下端骨皮质不连续，对位对线良好，并有嵌插。说明是稳定型桡骨远端骨折，没有明显移位，嵌插骨折通常稳定性好。患者59岁，无糖尿病，无其他异常。对于无移位或轻度移位的稳定型桡骨远端骨折，治疗通常为保守治疗：手法复位（如果有移位）加外固定（石膏或夹板）。这里说对位对线良好，并有嵌插，通常不需要复位，可以直接外固定。但选项中有""手法复位外固定""，可能考虑到即使对位良好，有时也需要适当复位？其实嵌插骨折对位良好，可以单纯外固定。但选项D是手法复位外固定，最可能是指闭合复位加石膏/夹板固定。骨牵引和皮牵引通常用于下肢或需要持续牵引的骨折。切开复位内固定用于移位明显、不稳定或关节内骨折等。这里对位对线良好，嵌插，稳定，所以最恰当的是保守治疗，即D. 手法复位外固定（实际上可能不需手法复位，直接固定，但选项如此，D可能是最佳）。同样题目中“对位对线良好，并有嵌插”，提示骨折稳定，行外固定即可。所以答案是D。"
有关等级诊断的叙述，以下哪项错误？（　　）,"{'A': '如果病人既有分裂症状又有神经症症状，可以同时诊断', 'B': '器质性精神障碍位于最顶端', 'C': '如果既满足滥用，又满足依赖的标准，应诊断依赖', 'D': '如果心境障碍与人格障碍并存，应首先诊断心境障碍'}",A,A,True,"我们被问到：“医学问题：有关等级诊断的叙述，以下哪项错误？（　　）”

选项：
A. 如果病人既有分裂症状又有神经症症状，可以同时诊断
B. 器质性精神障碍位于最顶端
C. 如果既满足滥用，又满足依赖的标准，应诊断依赖
D. 如果心境障碍与人格障碍并存，应首先诊断心境障碍

我们需要找出错误的叙述。这是关于精神科诊断的等级诊断（hierarchical diagnosis）原则。

通常精神科诊断等级原则：
- 等级诊断：某些诊断优先于其他诊断。器质性精神障碍通常位于最高等级，功能性的严重障碍（如精神分裂症）优先于较轻的（神经症、人格障碍等）。在物质使用障碍中，依赖比滥用更严重，如同时满足应诊断依赖。心境障碍通常优先于人格障碍？实际上，临床中如果心境障碍和人格障碍并存，通常优先诊断心境障碍？还是说人格障碍是长期存在，可能同时诊断？等级诊断指优先诊断等级高的，但不是说不能同时诊断。我们需要根据中国精神科教材（如CCMD-3或ICD-10相关原则）来判断。

典型等级诊断：
器质性精神障碍 > 精神分裂症等精神病性障碍 > 心境障碍 > 神经症 > 人格障碍等。所以：
- A: “如果病人既有分裂症状又有神经症症状，可以同时诊断” —— 按照等级诊断，分裂症（精神病性）等级高于神经症，如果符合分裂症，通常不诊断神经症，除非分裂症缓解后仍有神经症症状。错误可能在这里：等级诊断原则上，如果既有分裂症状又有神经症症状，通常优先诊断分裂症，不能同时诊断为神经症。所以A可能是错误的。
- B: “器质性精神障碍位于最顶端” —— 正确。
- C: “如果既满足滥用，又满足依赖的标准，应诊断依赖” —— 依赖严重程度高于滥用，只诊断依赖，正确。
- D: “如果心境障碍与人格障碍并存，应首先诊断心境障碍” —— 心境障碍等级高于人格障碍，优先诊断心境障碍，正确。

因此错误叙述是A。

确认：在CCMD-3或ICD-10中，等级诊断原则，神经症与精神病性症状共存时，通常诊断精神病性障碍。所以“可以同时诊断”是错误的。因此答案选A。"
女性，40岁，半月前患“感冒”，头痛，恶心，呕吐两次，发热，当时按“感冒”治疗。此后逐渐出现精神委靡，疲乏无力，表情淡漠，卧床不起，不食，不语，问话不答，时而独自发笑。既往健康。躯体检查：体温38.5℃，脉搏100次／分，呼吸20次／分，血压120／70mmHg，急性重症面容，体表消瘦，轻度脱水。神经系统检查：嗜睡状态，右下肢肌张力增高，腱反射亢进，有踝阵挛。精神检查：两眼呆滞，缄默不语，表情淡漠，蜡样屈曲，处于木僵状态。脑电图呈广泛中度异常。1．下述哪一项检查最有意义?（　　）,"{'A': 'CSF', 'B': '头颅平片', 'C': 'CT', 'D': 'MRI'}",A,A,True,"我们被问到：“女性，40岁，半月前患“感冒”，头痛，恶心，呕吐两次，发热，当时按“感冒”治疗。此后逐渐出现精神委靡，疲乏无力，表情淡漠，卧床不起，不食，不语，问话不答，时而独自发笑。既往健康。躯体检查：体温38.5℃，脉搏100次／分，呼吸20次／分，血压120／70mmHg，急性重症面容，体表消瘦，轻度脱水。神经系统检查：嗜睡状态，右下肢肌张力增高，腱反射亢进，有踝阵挛。精神检查：两眼呆滞，缄默不语，表情淡漠，蜡样屈曲，处于木僵状态。脑电图呈广泛中度异常。1．下述哪一项检查最有意义?（　　） 选项：A. CSF B. 头颅平片 C. CT D. MRI”

我们需要判断最可能的诊断，然后选择最有意义的检查。患者为40岁女性，有前驱“感冒”症状（头痛、发热、恶心呕吐），之后出现精神症状：精神萎靡、表情淡漠、不语、木僵、蜡样屈曲，有神经系统体征：右下肢肌张力高、腱反射亢进、踝阵挛，嗜睡状态，脑电图广泛中度异常。还有发热38.5℃，急性重症面容。

此表现高度提示病毒性脑炎，特别是单纯疱疹病毒性脑炎？但表现为精神症状、木僵、蜡样屈曲、缄默等，也可能为自身免疫性脑炎（如抗NMDA受体脑炎）。前驱感冒样症状，之后出现精神异常、紧张症（蜡样屈曲、木僵）、癫痫或运动障碍？有右侧锥体束征。脑电图广泛异常。病毒性脑炎或自身免疫性脑炎均可能。需要检查脑脊液（CSF）来明确是否有炎性改变，以及查抗体。CSF检查用于诊断脑炎最有意义。选项有CSF、头颅平片、CT、MRI。通常临床上对于疑似脑炎，首先腰椎穿刺查脑脊液。虽然MRI也可能有异常（如颞叶病灶提示单纯疱疹病毒性脑炎），但最直接的、最有意义的检查是脑脊液检查。因为题目可能来源于精神病学或神经病学，考的是脑炎或脑膜炎的检查首选CSF。也可能是“散发性脑炎”或“病毒性脑炎”。木僵状态、蜡样屈曲常见于精神分裂症紧张型，但患者有发热、神经系统阳性体征、脑电图异常，提示器质性病变，即脑炎。对于脑炎，最有意义的检查是脑脊液检查。CT/MRI也可辅助，但CSF是确诊的关键。所以选A. CSF。"
男性，40岁，因发热、便秘、食欲不振10天入院。查体：T 39.8℃，P 98次/分，肝大肋下1.0cm，软，脾肋下及边。血常规WBC 2.7×109/L，中性粒细胞52%，淋巴细胞44%，血清ALT 100U/L，肥达反应“O”1：160，“H”1：160。2．为进一步确定诊断，需做何检查?（　　）,"{'A': '便常规', 'B': '血细菌培养', 'C': '骨髓象检查', 'D': '肝脏穿刺活检'}",B,B,True,"我们被问到：“男性，40岁，因发热、便秘、食欲不振10天入院。查体：T 39.8℃，P 98次/分，肝大肋下1.0cm，软，脾肋下及边。血常规WBC 2.7×109/L，中性粒细胞52%，淋巴细胞44%，血清ALT 100U/L，肥达反应‘O’1：160，‘H’1：160。2．为进一步确定诊断，需做何检查?（　　）”

选项：A. 便常规；B. 血细菌培养；C. 骨髓象检查；D. 肝脏穿刺活检。

分析病例：患者发热、便秘、食欲不振10天，高热39.8℃，相对缓脉？P 98次/分，不算非常缓，但高热98次/分可能相对缓。肝脾肿大，白细胞减少（2.7×10^9/L），中性粒52%，淋巴44%，ALT升高。肥达反应“O”1:160，“H”1:160。这高度提示伤寒（肠热症）。肥达反应阳性，O和H抗体均1:160，支持伤寒诊断。但要确诊伤寒，金标准是血、骨髓、粪便等细菌培养。血培养在病程早期阳性率高，骨髓培养阳性率更高且持久。患者病程10天，仍可做血培养或骨髓培养。为“进一步确定诊断”，通常选择血细菌培养或骨髓培养。骨髓培养阳性率高于血培养，尤其对于已用抗生素者。但作为标准选择题，伤寒确诊首选血培养或骨髓培养。选项中有血细菌培养和骨髓象检查。骨髓象检查用于伤寒吗？骨髓象检查可能是指骨髓涂片找伤寒细胞？或骨髓培养？一般说伤寒骨髓培养是细菌培养，而“骨髓象检查”通常指骨髓细胞学检查，看增生情况，不是确诊伤寒的直接方法。伤寒确诊需要细菌培养。所以血细菌培养或骨髓细菌培养。选项B血细菌培养，C骨髓象检查（如果理解为骨髓涂片则不是），但有时“骨髓象检查”可能指骨髓培养？通常医学考试中，骨髓培养称为“骨髓细菌培养”，而“骨髓象检查”指骨髓涂片检查。伤寒骨髓象可有组织细胞增生等，但非确诊。因此更可能是血细菌培养。但有些题目中，伤寒确诊最常用血培养，如果血培养阴性或已用抗生素，做骨髓培养。本题未提及抗生素治疗，所以血培养即可。但需注意，有些指南说骨髓培养阳性率最高。再看选项：A便常规（大便培养可以，但便常规不行），B血细菌培养，C骨髓象检查，D肝穿刺活检（不必要）。最合适的可能是B血细菌培养。然而有些题目会问“为进一步确定诊断”，肥达反应阳性，需要病原学检查。伤寒确诊靠血培养和骨髓培养。这里选项有血细菌培养，骨髓象检查（如果是骨髓培养则选，但字面是骨髓象）。根据历年考题，类似的题：肥达反应阳性，为确诊需做血培养。所以选B。但为了严谨，再思考：患者白细胞减少，高热，肝脾大，肥达反应阳性，临床诊断伤寒。确诊需要细菌培养，血和骨髓培养是金标准。但选项中没有“骨髓细菌培养”，只有“骨髓象检查”。骨髓象检查是看骨髓细胞形态，伤寒可有巨噬细胞增生等，但这不是确诊依据。所以血细菌培养是最佳答案。因此选B。"
哺乳类动物体内直接催化尿酸生成的酶是（　　）。,"{'A': '尿酸氧化酶', 'B': '黄嘌呤氧化酶', 'C': '腺苷脱氨酶', 'D': '核苷酸酶'}",B,B,True,"我们被问到：“哺乳类动物体内直接催化尿酸生成的酶是（　　）。” 选项：A. 尿酸氧化酶，B. 黄嘌呤氧化酶，C. 腺苷脱氨酶，D. 核苷酸酶。

我们需要选择直接催化尿酸生成的酶。哺乳动物体内，嘌呤核苷酸分解代谢最终生成尿酸。关键步骤：次黄嘌呤在黄嘌呤氧化酶作用下生成黄嘌呤，再生成尿酸。或者鸟嘌呤脱氨生成黄嘌呤，再生成尿酸。所以直接催化尿酸生成的酶是黄嘌呤氧化酶。尿酸氧化酶是分解尿酸的酶，生成尿囊素。人类缺乏尿酸氧化酶。腺苷脱氨酶参与腺苷转变为肌苷。核苷酸酶将核苷酸水解成核苷和磷酸。因此正确答案是B。"
对急性肾小球肾炎诊断最有意义的是（　　）。,"{'A': '蛋白尿和透明管型', 'B': '蛋白尿和脓尿', 'C': '血尿和红细胞管型', 'D': '尿成堆白细胞和白细胞管型'}",C,C,True,"我们被要求回答一个医学多选题。问题是：对急性肾小球肾炎诊断最有意义的是哪个选项？选项是关于尿检结果的。

急性肾小球肾炎的典型表现是血尿、蛋白尿、水肿、高血压，可能有一过性肾功能损害。尿液检查中，几乎都有镜下血尿或肉眼血尿，常伴有红细胞管型。红细胞管型是肾小球源性血尿的重要标志，对急性肾小球肾炎有重要诊断意义。蛋白尿通常为轻中度，透明管型可以出现在正常人或多种肾病，无特异性。脓尿和白细胞管型多见于泌尿系感染或间质性肾炎。因此最有意义的应该是血尿和红细胞管型。所以答案选C。"
患儿，女，10个月，牛奶喂养，未加辅食，近半月患儿皮肤渐苍白，进食少，不愿活动。血象Hbl00g/L，RBC3.08×1012/L。为明确贫血的原因，下述哪一项检查具有早期诊断价值？（　　）,"{'A': '骨髓穿刺', 'B': '血清铁测定', 'C': '血清铁蛋白的测定', 'D': '总铁结合力测定'}",C,C,True,"我们被问到：""患儿，女，10个月，牛奶喂养，未加辅食，近半月患儿皮肤渐苍白，进食少，不愿活动。血象Hbl00g/L，RBC3.08×1012/L。为明确贫血的原因，下述哪一项检查具有早期诊断价值？（　　）"" 选项：A. 骨髓穿刺 B. 血清铁测定 C. 血清铁蛋白的测定 D. 总铁结合力测定。

我们需要选择具有早期诊断价值的检查。这是营养性缺铁性贫血的典型表现：10个月婴儿，牛奶喂养，未加辅食，皮肤苍白，Hb 100g/L（轻度贫血），RBC降低。可能的诊断是缺铁性贫血。对于缺铁性贫血的诊断，血清铁蛋白是反映体内铁储存的敏感指标，在缺铁的早期（铁减少期）就已降低，具有早期诊断价值。血清铁降低发生在缺铁较晚阶段（缺铁性红细胞生成期）。总铁结合力升高也是较晚指标。骨髓穿刺是金标准但为有创检查，一般不作为首选早期诊断。题目问“早期诊断价值”，在缺铁性贫血中，血清铁蛋白是最早出现异常的指标。因此答案选C。"
女，43岁。患十二指肠球溃疡24年，近日又有疼痛发作，反酸，下列药物抑酸效果最好的是（　　）。,"{'A': '硫糖铝', 'B': '西咪替丁', 'C': '胃舒平', 'D': '奥美拉唑'}",D,D,True,"我们被问到：“女，43岁。患十二指肠球溃疡24年，近日又有疼痛发作，反酸，下列药物抑酸效果最好的是（　　）。” 选项：A. 硫糖铝；B. 西咪替丁；C. 胃舒平；D. 奥美拉唑。

需要选择最合适的答案，并只回答选项字母。

分析：
- 患者有十二指肠球溃疡病史，近期复发，疼痛，反酸。问题是哪种药物抑酸效果最好。
- 硫糖铝是一种胃黏膜保护剂，不是抑酸剂，它形成保护膜，不抑制胃酸分泌。
- 西咪替丁是H2受体拮抗剂，抑制胃酸分泌，效果中等。
- 胃舒平是一种复方抗酸药（通常含氢氧化铝、三硅酸镁等），中和胃酸，作用时间短，不是强效抑酸。
- 奥美拉唑是质子泵抑制剂（PPI），强效抑制胃酸分泌，是目前抑酸作用最强的药物之一。

因此，抑酸效果最好的是奥美拉唑。答案选D。"
胫骨易发生骨折的部位是（　　）。,"{'A': '上端干骺端部位', 'B': '横切面是四边形部位', 'C': '横切面三棱与四边形移行部位', 'D': '踝上部位'}",C,C,True,"我们被问到：“胫骨易发生骨折的部位是（　　）。” 选项：
A. 上端干骺端部位
B. 横切面是四边形部位
C. 横切面三棱与四边形移行部位
D. 踝上部位

我们需要找出胫骨最容易骨折的部位。在解剖学中，胫骨骨干的横截面形状变化：上1/3为三角形（三棱形），中1/3为三棱形与四边形混合，下1/3为四边形。胫骨中下1/3交界处是三棱形与四边形移行部位，此处骨形态改变，也是血供较差的部位，容易发生骨折，尤其是骨折后愈合较慢。临床上，胫骨骨折最常见于骨干中下1/3交界处。所以选项C“横切面三棱与四边形移行部位”正是胫骨中下1/3交界处，是易骨折部位。A上端干骺端也有骨折，但不如C更经典作为“胫骨易发生骨折的部位”的标准答案。通常教材描述胫骨骨折好发部位是中下1/3交界处。因此选C。"
1．发生于小儿的是（　　）。,"{'A': '颅前窝骨折', 'B': '开放性骨折', 'C': '生长性骨折', 'D': '颅中窝骨折'}",C,C,True,"我们被问到：""发生于小儿的是（　　）。"" 选项：A. 颅前窝骨折 B. 开放性骨折 C. 生长性骨折 D. 颅中窝骨折。问题可能是""发生于小儿的是""什么骨折？生长性骨折（growing fracture）是一种特殊类型的骨折，主要发生在小儿，尤其是婴幼儿颅骨骨折后。颅骨生长性骨折是小儿颅骨线性骨折后，由于硬脑膜撕裂，脑脊液或脑组织疝入骨折缝隙，导致骨折不愈合反而逐渐增宽。所以这是小儿特有的。其他选项：颅前窝骨折、开放性骨折、颅中窝骨折在成人也可发生。因此正确答案是C。"
女性，52岁，发现右乳外上象限肿块1周，查肿块约2.0cm×1.5cm，质硬，活动度小。1．对诊断最有价值的检查方法为（　　）。,"{'A': '细针穿刺细胞学', 'B': '超声波', 'C': '肿块切除冰冻切片病理', 'D': '同位素扫描'}",C,C,True,"我们被问到：""医学问题：女性，52岁，发现右乳外上象限肿块1周，查肿块约2.0cm×1.5cm，质硬，活动度小。1．对诊断最有价值的检查方法为（　　）。选项：A. 细针穿刺细胞学 B. 超声波 C. 肿块切除冰冻切片病理 D. 同位素扫描""

我们需要选择对诊断最有价值的检查方法。患者52岁，乳房肿块，质硬，活动度小，提示可能为恶性（乳腺癌）。问的是“最有价值的检查方法”即确诊方法。通常乳腺癌的诊断金标准是病理学检查。选项C是“肿块切除冰冻切片病理”，这相当于活检做冰冻病理，可明确诊断。细针穿刺细胞学（A）也可用于诊断，但假阴性率高，且不能区分原位癌和浸润癌，不如病理组织学检查（核心穿刺活检或切除活检）准确。选项C明确说是肿块切除冰冻切片病理，这属于切除活检，是确诊的可靠方法。超声波（B）是影像学检查，不能确诊。同位素扫描（D）通常用于骨转移等，不作为乳腺肿块定性诊断的首选。因此最有价值的诊断方法是病理学检查。对乳腺肿块，术前常用空心针穿刺活检（CNB）或真空辅助活检，但选项中只有细针穿刺细胞学和肿块切除冰冻切片。肿块切除（excisional biopsy）冰冻切片是确诊的黄金标准，尽管现在多采用粗针穿刺活检。但题目可能是传统考题，常考确诊最有价值的是病理检查。C选项“肿块切除冰冻切片病理”相当于切除活检送病理，这是最准确的诊断方法。因此选C。"
风湿性心脏病二尖瓣狭窄患者，最常见的心律失常是（　　）。,"{'A': '室性期前收缩', 'B': '心房颤动与扑动', 'C': '室性心动过速', 'D': '束支传导阻滞'}",B,B,True,"我们被问到：“风湿性心脏病二尖瓣狭窄患者，最常见的心律失常是（ ）。” 选项：A. 室性期前收缩，B. 心房颤动与扑动，C. 室性心动过速，D. 束支传导阻滞。

我们需要运用医学知识：风湿性心脏病二尖瓣狭窄最常见的并发症包括心房颤动（房颤）。二尖瓣狭窄导致左心房压力升高，左心房扩大，容易发生房性心律失常，尤其是心房颤动。房颤是二尖瓣狭窄最常见的心律失常。所以答案应该是B。

确认：二尖瓣狭窄最常见心律失常是心房颤动，也可以是心房扑动，但选项B说“心房颤动与扑动”，房颤更常见，所以B是正确选项。

因此，答案选B。"
肿瘤性增生区别于炎症性增生的特点是（　　）。,"{'A': '增生组织不分化不成熟', 'B': '血管增生', 'C': '器官的实质细胞增生', 'D': '炎症细胞浸润'}",A,A,True,"我们被问到：“肿瘤性增生区别于炎症性增生的特点是（　　）。” 选项：
A. 增生组织不分化不成熟
B. 血管增生
C. 器官的实质细胞增生
D. 炎症细胞浸润

我们需要选择最合适的答案。这是病理学中关于肿瘤性增生和炎症性增生的区别。肿瘤性增生（真性肿瘤）的特点是细胞的异型性，不分化不成熟，失去对正常生长调控的反应。炎症性增生（如炎性息肉等）通常是成熟细胞的增生，伴有炎症细胞浸润等。那么区别点是A：增生组织不分化不成熟。其他选项如血管增生、实质细胞增生、炎症细胞浸润在炎症中也常见，不是肿瘤的特征性区别。所以答案应该是A。"
早期治疗化脓性髋关节炎最好的方法是（　　）。,"{'A': '合理有效抗生素加石膏固定', 'B': '足量有效抗生素加支持治疗', 'C': '足量有效抗生素加关节穿刺抽液并注入抗生素', 'D': '切开引流，使用足量抗生素'}",D,D,True,"我们被问到：""早期治疗化脓性髋关节炎最好的方法是（ ）。选项：A. 合理有效抗生素加石膏固定 B. 足量有效抗生素加支持治疗 C. 足量有效抗生素加关节穿刺抽液并注入抗生素 D. 切开引流，使用足量抗生素。""

我们需要根据医学知识选择最合适的答案。化脓性关节炎（septic arthritis），尤其是髋关节，是一种急症。早期治疗非常关键。标准治疗包括：足量有效的抗生素，以及关节引流。对于髋关节，由于位置深，穿刺抽液可能较困难，且容易复发或引流不畅，通常需要切开引流（arthrotomy）或关节镜引流。尤其对于儿童化脓性髋关节炎，常常需要紧急切开引流以避免股骨头坏死等并发症。选项C是关节穿刺抽液并注入抗生素，这对某些浅表关节如膝关节可能适用，但髋关节通常首选切开引流。许多外科教科书指出，髋关节化脓性关节炎一旦确诊，应立即切开引流。所以D可能是正确答案。但我们需要确认“早期治疗”和“最好方法”。选项D是“切开引流，使用足量抗生素”。A有石膏固定，不合理。B只是支持治疗，无引流。C是穿刺抽液。比较C和D，对于化脓性髋关节炎，通常推荐手术引流（切开或关节镜）而非单纯穿刺，因为髋关节囊内压力高，易导致股骨头血供障碍。所以D更优。因此答案可能是D。"
男孩，14岁，9月初入院。突发寒战，继以高热5天。剧烈头痛，腿痛，10天前，该病孩曾在农村池塘游过泳。查体：T39.5℃，巩膜黄染，结膜充血，肝肋下2cm，双腹股沟可触及蚕豆大轻度压痛的淋巴结。WBC 1.5×109/L，中性80%。血沉80mm/1h末，ALT 200U/L。下列治疗中不合适的是（　　）。,"{'A': '小剂量青霉素肌注', 'B': '大剂量青霉素肌注', 'C': '降温', 'D': '卧床'}",B,B,True,"我们被问到：“下列治疗中不合适的是（　　）。” 选项：A. 小剂量青霉素肌注；B. 大剂量青霉素肌注；C. 降温；D. 卧床。需要找出不合适的治疗。

病例：男孩14岁，9月初。突发寒战，高热5天。剧烈头痛，腿痛。10天前在农村池塘游过泳。查体：T39.5℃，巩膜黄染，结膜充血，肝肋下2cm，双腹股沟蚕豆大淋巴结压痛。WBC 1.5×10^9/L（注意：这里是1.5×10^9/L，正常是4-10×10^9/L，这是白细胞减少！），中性80%。血沉80mm/h，ALT 200U/L。

首先，这是什么病？高热、黄疸、结膜充血、剧烈头痛、腿痛（腓肠肌痛？）、淋巴结肿大、肝大、白细胞减少、血沉增快、转氨酶升高，有疫水接触史（农村池塘游泳）。这高度提示钩端螺旋体病（leptospirosis）。钩端螺旋体病临床表现：早期流感样，寒战高热，结膜充血，腓肠肌痛，淋巴结肿大（腹股沟常见），黄疸出血型可有黄疸、肝损害、出血。白细胞通常正常或轻度升高？但钩端螺旋体病白细胞计数一般正常或轻度增高，部分病例可有白细胞减少？但典型钩端螺旋体病白细胞总数和中性粒轻度增高或正常。但本例WBC 1.5×10^9/L，是减少的。或许是其他病？比如病毒性？但池塘游泳、结膜充血、腿痛、淋巴结肿大，很符合钩端螺旋体病。有的教科书：钩端螺旋体病白细胞总数和中性粒细胞轻度增高或正常。但有时严重病例可能有白细胞减少？需要再考虑。也可能是流行性出血热？但出血热有面红、颈红、胸红，结膜充血，但典型有蛋白尿、血小板减少。这里没有提到。也可能是恙虫病？有焦痂。这里没有。回归热？虱传、蜱传，无疫水史。综合考虑，钩端螺旋体病可能性最大。因为池塘游泳是典型疫水接触史。

钩体病的治疗：青霉素是首选。但钩体病用青霉素治疗时需注意赫氏反应（Jarisch-Herxheimer reaction）。尤其首次使用青霉素应小剂量，以避免大量钩体死亡释放毒素引起赫氏反应。所以治疗原则是：青霉素应从小剂量开始，首选小剂量青霉素肌注，或首剂减量。因此，小剂量青霉素肌注是合适的，大剂量青霉素肌注不合适，可能诱发赫氏反应。另外降温、卧床休息是支持治疗，合适。

因此，不合适的治疗是B. 大剂量青霉素肌注。

再确认：钩端螺旋体病的治疗：青霉素G为首选，但为防止赫氏反应，首次剂量不宜过大，主张小剂量开始。所以选B。

另外，注意WBC 1.5×10^9/L是白细胞减少，钩体病白细胞大多正常或升高，但少数可减少。血沉快，ALT升高，黄疸，都符合黄疸出血型钩体病。诊断明确。所以答案是B。"
男性，14岁，因近五六年身材过长，近2年头痛、视力下降，伴多饮、乏力就诊。查体：身高194cm，血糖（FBG）10.1mmol/L。蝶鞍矢状位CT示垂体增大向鞍上发展。临床诊断为巨人症，垂体生长激素瘤。1．下列哪一项是错误的？（　　）,"{'A': '血生长激素升高', 'B': '继发性高血糖对胰岛素治疗反应良好', 'C': '血磷升高', 'D': 'TRH刺激试验中生长激素升高'}",B,B,True,"我们被问到：“男性，14岁，因近五六年身材过长，近2年头痛、视力下降，伴多饮、乏力就诊。查体：身高194cm，血糖（FBG）10.1mmol/L。蝶鞍矢状位CT示垂体增大向鞍上发展。临床诊断为巨人症，垂体生长激素瘤。1．下列哪一项是错误的？（　　）”

选项：
A. 血生长激素升高
B. 继发性高血糖对胰岛素治疗反应良好
C. 血磷升高
D. TRH刺激试验中生长激素升高

我们需要找出哪一项是错误的。这是垂体生长激素瘤导致巨人症。生长激素瘤分泌过多的生长激素（GH），导致血GH升高，所以A正确。

GH过多会引起胰岛素抵抗，导致继发性高血糖（糖尿病）。这种高血糖是由于GH拮抗胰岛素的作用，所以对胰岛素治疗反应不敏感（即胰岛素抵抗）。因此，“继发性高血糖对胰岛素治疗反应良好”可能是错误的，实际上往往需要较大剂量胰岛素或效果不佳。所以B可能是错误的。

血磷：生长激素促进肾小管对磷的重吸收，导致血磷升高，所以C正确。

TRH刺激试验：正常情况下，TRH（促甲状腺激素释放激素）刺激TSH分泌，不刺激GH分泌。但在肢端肥大症/巨人症中，大约50-80%的生长激素瘤细胞异常表达TRH受体，导致TRH刺激后GH反常升高。因此，在生长激素瘤患者中，TRH刺激试验可引起GH升高。所以D描述是常见的异常反应，在诊断上有意义。因此D是正确的。

所以错误的应该是B，因为GH引起的继发性高血糖通常伴有胰岛素抵抗，对胰岛素治疗反应不佳。标准答案：B。

确认：巨人症/肢端肥大症导致的高血糖对胰岛素不敏感，需要用较大剂量胰岛素或治疗原发病。所以B是错误的。"
下面对现代医学模式的理解错误的是（　　）。,"{'A': '是医学模式发展的顶峰', 'B': '促进医学伦理学进一步发展', 'C': '丰富了医德内容', 'D': '促进医学进一步发展'}",A,A,True,"我们被问到：“下面对现代医学模式的理解错误的是（　　）。”选项：
A. 是医学模式发展的顶峰
B. 促进医学伦理学进一步发展
C. 丰富了医德内容
D. 促进医学进一步发展

我们需要找出关于现代医学模式的错误理解。现代医学模式通常指生物-心理-社会医学模式。该模式是医学模式的发展，但通常不认为是“顶峰”，因为医学模式会继续发展。所以A说“是医学模式发展的顶峰”可能是错误的。B、C、D都是正确的，因为现代医学模式确实促进医学伦理学发展，丰富医德内容，促进医学进一步发展。因此，错误的是A。

答案：A"
关于内分泌疾病的治疗正确的是（　　）。,"{'A': '凡激素水平低者均需替代治疗', 'B': '手术切除分泌亢进的腺体是最好的治疗', 'C': '有些治疗是根据反馈原理设计的', 'D': '症状改善，激素水平正常是停止内分泌治疗的指征'}",C,C,True,"我们被问到：“医学问题：关于内分泌疾病的治疗正确的是（　　）。

选项：
A. 凡激素水平低者均需替代治疗
B. 手术切除分泌亢进的腺体是最好的治疗
C. 有些治疗是根据反馈原理设计的
D. 症状改善，激素水平正常是停止内分泌治疗的指征”

我们需要选择最正确的答案。分析每个选项：

A. 凡激素水平低者均需替代治疗。这不完全正确。有些激素水平低可能是暂时性的，或者由其他可纠正的原因引起（如药物、营养不良等），不总是需要替代治疗。还有一些情况下，激素水平低但没有临床症状，或替代治疗风险大于收益。所以“均需”过于绝对。

B. 手术切除分泌亢进的腺体是最好的治疗。这也过于绝对。内分泌功能亢进的治疗包括药物、放射性治疗、手术等，具体取决于病因、腺体、患者情况等。“最好的治疗”不是对所有情况都成立。

C. 有些治疗是根据反馈原理设计的。这是正确的。内分泌系统的调节基于负反馈（有时正反馈）机制。很多内分泌治疗利用反馈原理，例如用糖皮质激素抑制ACTH（用于先天性肾上腺皮质增生症），用甲状腺激素抑制TSH（用于甲状腺肿或甲状腺癌术后抑制治疗），或者溴隐亭抑制催乳素等。还有使用激素类似物来调节下丘脑-垂体-靶腺轴。所以这个说法是正确且合理的。

D. 症状改善，激素水平正常是停止内分泌治疗的指征。这通常不正确。很多内分泌疾病需要终身治疗，如1型糖尿病、甲状腺功能减退症（通常是终身的）、肾上腺皮质功能减退等。即使症状改善、激素水平正常，停止治疗可能导致复发或危象。有些疾病可能可以停药（如亚急性甲状腺炎恢复期、部分甲亢治疗后等），但并非普遍指征。这个说法太绝对且错误。

因此，正确的选项是C。"
下列说法符合我国人类辅助生殖技术的伦理原则的是（　　）。,"{'A': '对离异单身女性可以实施商业代孕技术', 'B': '对任何女性都不得实施代孕技术', 'C': '对自愿的单身女性可以实施代孕技术', 'D': '对已婚女性可以实施亲属间的代孕技术'}",B,B,True,"我们被问到：“下列说法符合我国人类辅助生殖技术的伦理原则的是（　　）。” 选项有A、B、C、D。

我们需要根据中国关于人类辅助生殖技术的伦理原则来回答。中国卫生部（现卫健委）发布的《人类辅助生殖技术管理办法》和《人类辅助生殖技术规范》以及伦理原则。其中明确禁止代孕（任何形式的代孕技术）。《人类辅助生殖技术管理办法》第三条规定：“人类辅助生殖技术的应用应当在医疗机构中进行，以医疗为目的，并符合国家计划生育政策、伦理原则和有关法律规定。禁止以任何形式买卖配子、合子、胚胎。医疗机构和医务人员不得实施任何形式的代孕技术。” 所以，对任何女性都不得实施代孕技术。因此B选项是符合伦理原则的。A、C、D都涉及代孕技术，均被禁止。所以正确答案是B。"
2．整合在细菌染色体上的噬菌体的核酸为（　　）。,"{'A': '毒性噬菌体', 'B': '前噬菌体', 'C': '溶原性细菌', 'D': 'L型细菌'}",B,B,True,"我们被问到：""整合在细菌染色体上的噬菌体的核酸为（　　）。"" 选项是 A. 毒性噬菌体 B. 前噬菌体 C. 溶原性细菌 D. L型细菌。

我们需要找出正确的术语。整合在细菌染色体上的噬菌体核酸被称为“前噬菌体”（prophage）。毒性噬菌体是指在宿主菌内复制并导致细菌裂解的噬菌体。溶原性细菌是指带有前噬菌体的细菌。L型细菌是缺乏细胞壁的细菌变种。因此，答案是B。"
